sku;name;description
LC01-76-5015-1;Wonderland iPhone 12 / 12 Pro flip case - Elephant;A iPhone 12 / 12 Pro case with characteristic print made from durable imitation leather. The Wonderland case features two card slots and a pocket for cash notes. It has a magnetic clasp to keep the case closed and your iPhone 12 / 12 Pro protected. The back can be folded to hold the mobile in an angled position for convenient viewing.
LC01-76-5015-2;Wonderland iPhone 12 / 12 Pro flip case - Dark Blue Butterfly;A iPhone 12 / 12 Pro case with characteristic print made from durable imitation leather. The Wonderland case features two card slots and a pocket for cash notes. It has a magnetic clasp to keep the case closed and your iPhone 12 / 12 Pro protected. The back can be folded to hold the mobile in an angled position for convenient viewing.
LC01-76-5015-3;Wonderland iPhone 12 / 12 Pro flip case - Vivid Butterfly;A iPhone 12 / 12 Pro case with characteristic print made from durable imitation leather. The Wonderland case features two card slots and a pocket for cash notes. It has a magnetic clasp to keep the case closed and your iPhone 12 / 12 Pro protected. The back can be folded to hold the mobile in an angled position for convenient viewing.
LC01-76-5015-4;Wonderland iPhone 12 / 12 Pro flip case - Blue Butterfly;A iPhone 12 / 12 Pro case with characteristic print made from durable imitation leather. The Wonderland case features two card slots and a pocket for cash notes. It has a magnetic clasp to keep the case closed and your iPhone 12 / 12 Pro protected. The back can be folded to hold the mobile in an angled position for convenient viewing.
LC01-76-5015-5;Wonderland iPhone 12 / 12 Pro flip case - Pink Flower;A iPhone 12 / 12 Pro case with characteristic print made from durable imitation leather. The Wonderland case features two card slots and a pocket for cash notes. It has a magnetic clasp to keep the case closed and your iPhone 12 / 12 Pro protected. The back can be folded to hold the mobile in an angled position for convenient viewing.
LC01-76-5015-6;Wonderland iPhone 12 / 12 Pro flip case - Beautiful Butterfly;A iPhone 12 / 12 Pro case with characteristic print made from durable imitation leather. The Wonderland case features two card slots and a pocket for cash notes. It has a magnetic clasp to keep the case closed and your iPhone 12 / 12 Pro protected. The back can be folded to hold the mobile in an angled position for convenient viewing.
LC01-76-5015-7;Wonderland iPhone 12 / 12 Pro flip case - Shy Butterfly;A iPhone 12 / 12 Pro case with characteristic print made from durable imitation leather. The Wonderland case features two card slots and a pocket for cash notes. It has a magnetic clasp to keep the case closed and your iPhone 12 / 12 Pro protected. The back can be folded to hold the mobile in an angled position for convenient viewing.
LC01-76-5015-8;Wonderland iPhone 12 / 12 Pro flip case - Little Butterfly;A iPhone 12 / 12 Pro case with characteristic print made from durable imitation leather. The Wonderland case features two card slots and a pocket for cash notes. It has a magnetic clasp to keep the case closed and your iPhone 12 / 12 Pro protected. The back can be folded to hold the mobile in an angled position for convenient viewing.
LC01-76-5015-9;Wonderland iPhone 12 / 12 Pro flip case - Green Butterfly;A iPhone 12 / 12 Pro case with characteristic print made from durable imitation leather. The Wonderland case features two card slots and a pocket for cash notes. It has a magnetic clasp to keep the case closed and your iPhone 12 / 12 Pro protected. The back can be folded to hold the mobile in an angled position for convenient viewing.
LC01-76-5015-10;Wonderland iPhone 12 / 12 Pro flip case - Tree;A iPhone 12 / 12 Pro case with characteristic print made from durable imitation leather. The Wonderland case features two card slots and a pocket for cash notes. It has a magnetic clasp to keep the case closed and your iPhone 12 / 12 Pro protected. The back can be folded to hold the mobile in an angled position for convenient viewing.
LC01-76-5016-1;Butterfly iPhone 12 / 12 Pro flip case - Blue;Fashionable leather case with beautiful butterfly imprint. This case for iPhone 12 / 12 Pro has a couple of card slots and a larger pocket. It comes with a handy strap and supports hands-free viewing. Made from PU leather this simple flip case provides excellent protection and a stylish look for your iPhone 12 / 12 Pro.
LC01-76-5016-2;Butterfly iPhone 12 / 12 Pro flip case - Rose;Fashionable leather case with beautiful butterfly imprint. This case for iPhone 12 / 12 Pro has a couple of card slots and a larger pocket. It comes with a handy strap and supports hands-free viewing. Made from PU leather this simple flip case provides excellent protection and a stylish look for your iPhone 12 / 12 Pro.
LC01-76-5016-3;Butterfly iPhone 12 / 12 Pro flip case - Rose Gold;Fashionable leather case with beautiful butterfly imprint. This case for iPhone 12 / 12 Pro has a couple of card slots and a larger pocket. It comes with a handy strap and supports hands-free viewing. Made from PU leather this simple flip case provides excellent protection and a stylish look for your iPhone 12 / 12 Pro.
LC01-76-5016-4;Butterfly iPhone 12 / 12 Pro flip case - Grey;Fashionable leather case with beautiful butterfly imprint. This case for iPhone 12 / 12 Pro has a couple of card slots and a larger pocket. It comes with a handy strap and supports hands-free viewing. Made from PU leather this simple flip case provides excellent protection and a stylish look for your iPhone 12 / 12 Pro.
LC01-76-5016-5;Butterfly iPhone 12 / 12 Pro flip case - Green;Fashionable leather case with beautiful butterfly imprint. This case for iPhone 12 / 12 Pro has a couple of card slots and a larger pocket. It comes with a handy strap and supports hands-free viewing. Made from PU leather this simple flip case provides excellent protection and a stylish look for your iPhone 12 / 12 Pro.
LC01-76-5016-6;Butterfly iPhone 12 / 12 Pro flip case - Purple;Fashionable leather case with beautiful butterfly imprint. This case for iPhone 12 / 12 Pro has a couple of card slots and a larger pocket. It comes with a handy strap and supports hands-free viewing. Made from PU leather this simple flip case provides excellent protection and a stylish look for your iPhone 12 / 12 Pro.
LC03-263-5016-1;Wonderland Samsung Galaxy Note 20 flip case - Giraffe;A Samsung Galaxy Note 20 case with characteristic print made from durable imitation leather. The Wonderland case features two card slots and a pocket for cash notes. It has a magnetic clasp to keep the case closed and your Samsung Galaxy Note 20 protected. The back can be folded to hold the mobile in an angled position for convenient viewing.
LC03-263-5016-2;Wonderland Samsung Galaxy Note 20 flip case - Flower Tree;A Samsung Galaxy Note 20 case with characteristic print made from durable imitation leather. The Wonderland case features two card slots and a pocket for cash notes. It has a magnetic clasp to keep the case closed and your Samsung Galaxy Note 20 protected. The back can be folded to hold the mobile in an angled position for convenient viewing.
LC03-263-5016-3;Wonderland Samsung Galaxy Note 20 flip case - Bear;A Samsung Galaxy Note 20 case with characteristic print made from durable imitation leather. The Wonderland case features two card slots and a pocket for cash notes. It has a magnetic clasp to keep the case closed and your Samsung Galaxy Note 20 protected. The back can be folded to hold the mobile in an angled position for convenient viewing.
LC03-263-5016-4;Wonderland Samsung Galaxy Note 20 flip case - Do not Touch My Phone;A Samsung Galaxy Note 20 case with characteristic print made from durable imitation leather. The Wonderland case features two card slots and a pocket for cash notes. It has a magnetic clasp to keep the case closed and your Samsung Galaxy Note 20 protected. The back can be folded to hold the mobile in an angled position for convenient viewing.
LC03-263-5016-5;Wonderland Samsung Galaxy Note 20 flip case - Colorized Flower;A Samsung Galaxy Note 20 case with characteristic print made from durable imitation leather. The Wonderland case features two card slots and a pocket for cash notes. It has a magnetic clasp to keep the case closed and your Samsung Galaxy Note 20 protected. The back can be folded to hold the mobile in an angled position for convenient viewing.
LC03-263-5016-6;Wonderland Samsung Galaxy Note 20 flip case - Feather;A Samsung Galaxy Note 20 case with characteristic print made from durable imitation leather. The Wonderland case features two card slots and a pocket for cash notes. It has a magnetic clasp to keep the case closed and your Samsung Galaxy Note 20 protected. The back can be folded to hold the mobile in an angled position for convenient viewing.
LC03-263-5016-7;Wonderland Samsung Galaxy Note 20 flip case - Butterfly;A Samsung Galaxy Note 20 case with characteristic print made from durable imitation leather. The Wonderland case features two card slots and a pocket for cash notes. It has a magnetic clasp to keep the case closed and your Samsung Galaxy Note 20 protected. The back can be folded to hold the mobile in an angled position for convenient viewing.
LC03-263-5016-8;Wonderland Samsung Galaxy Note 20 flip case - Vivid Flower;A Samsung Galaxy Note 20 case with characteristic print made from durable imitation leather. The Wonderland case features two card slots and a pocket for cash notes. It has a magnetic clasp to keep the case closed and your Samsung Galaxy Note 20 protected. The back can be folded to hold the mobile in an angled position for convenient viewing.
LC03-263-5016-9;Wonderland Samsung Galaxy Note 20 flip case - Butterfly and Daisy;A Samsung Galaxy Note 20 case with characteristic print made from durable imitation leather. The Wonderland case features two card slots and a pocket for cash notes. It has a magnetic clasp to keep the case closed and your Samsung Galaxy Note 20 protected. The back can be folded to hold the mobile in an angled position for convenient viewing.
LC03-263-5016-10;Wonderland Samsung Galaxy Note 20 flip case - Colorized Tree;A Samsung Galaxy Note 20 case with characteristic print made from durable imitation leather. The Wonderland case features two card slots and a pocket for cash notes. It has a magnetic clasp to keep the case closed and your Samsung Galaxy Note 20 protected. The back can be folded to hold the mobile in an angled position for convenient viewing.
LC03-263-5017-1;Wonderland Samsung Galaxy Note 20 flip case - Butterfly and Flower;A Samsung Galaxy Note 20 case with characteristic print made from durable imitation leather. The Wonderland case features two card slots and a pocket for cash notes. It has a magnetic clasp to keep the case closed and your Samsung Galaxy Note 20 protected. The back can be folded to hold the mobile in an angled position for convenient viewing.
LC03-263-5017-2;Wonderland Samsung Galaxy Note 20 flip case - Panda;A Samsung Galaxy Note 20 case with characteristic print made from durable imitation leather. The Wonderland case features two card slots and a pocket for cash notes. It has a magnetic clasp to keep the case closed and your Samsung Galaxy Note 20 protected. The back can be folded to hold the mobile in an angled position for convenient viewing.
LC03-263-5017-3;Wonderland Samsung Galaxy Note 20 flip case - Elephant and Umbrella;A Samsung Galaxy Note 20 case with characteristic print made from durable imitation leather. The Wonderland case features two card slots and a pocket for cash notes. It has a magnetic clasp to keep the case closed and your Samsung Galaxy Note 20 protected. The back can be folded to hold the mobile in an angled position for convenient viewing.
LC03-263-5017-4;Wonderland Samsung Galaxy Note 20 flip case - Tree and Owls;A Samsung Galaxy Note 20 case with characteristic print made from durable imitation leather. The Wonderland case features two card slots and a pocket for cash notes. It has a magnetic clasp to keep the case closed and your Samsung Galaxy Note 20 protected. The back can be folded to hold the mobile in an angled position for convenient viewing.
LC03-263-5017-5;Wonderland Samsung Galaxy Note 20 flip case - Flower and Elephant;A Samsung Galaxy Note 20 case with characteristic print made from durable imitation leather. The Wonderland case features two card slots and a pocket for cash notes. It has a magnetic clasp to keep the case closed and your Samsung Galaxy Note 20 protected. The back can be folded to hold the mobile in an angled position for convenient viewing.
LC03-263-5017-6;Wonderland Samsung Galaxy Note 20 flip case - Blue Butterflies;A Samsung Galaxy Note 20 case with characteristic print made from durable imitation leather. The Wonderland case features two card slots and a pocket for cash notes. It has a magnetic clasp to keep the case closed and your Samsung Galaxy Note 20 protected. The back can be folded to hold the mobile in an angled position for convenient viewing.
LC03-263-5017-7;Wonderland Samsung Galaxy Note 20 flip case - Blue and Gold Butterfly;A Samsung Galaxy Note 20 case with characteristic print made from durable imitation leather. The Wonderland case features two card slots and a pocket for cash notes. It has a magnetic clasp to keep the case closed and your Samsung Galaxy Note 20 protected. The back can be folded to hold the mobile in an angled position for convenient viewing.
LC03-263-5017-8;Wonderland Samsung Galaxy Note 20 flip case - Pretty Butterfly;A Samsung Galaxy Note 20 case with characteristic print made from durable imitation leather. The Wonderland case features two card slots and a pocket for cash notes. It has a magnetic clasp to keep the case closed and your Samsung Galaxy Note 20 protected. The back can be folded to hold the mobile in an angled position for convenient viewing.
LC03-263-5017-9;Wonderland Samsung Galaxy Note 20 flip case - Vivid Butterfly;A Samsung Galaxy Note 20 case with characteristic print made from durable imitation leather. The Wonderland case features two card slots and a pocket for cash notes. It has a magnetic clasp to keep the case closed and your Samsung Galaxy Note 20 protected. The back can be folded to hold the mobile in an angled position for convenient viewing.
LC03-263-5017-10;Wonderland Samsung Galaxy Note 20 flip case - Vivid Flower;A Samsung Galaxy Note 20 case with characteristic print made from durable imitation leather. The Wonderland case features two card slots and a pocket for cash notes. It has a magnetic clasp to keep the case closed and your Samsung Galaxy Note 20 protected. The back can be folded to hold the mobile in an angled position for convenient viewing.
LC04-94-1004-1;Bofink Nokia 8.3 5G Card cover - Black;Stylish back cover for Nokia 8.3 5G with functional slim design. This case is created from cloth, plastic and PU leather and features a card slot for easy access to your credit card while protecting your Nokia 8.3 5G.
LC04-94-1004-2;Bofink Nokia 8.3 5G Card cover - Grey;Stylish back cover for Nokia 8.3 5G with functional slim design. This case is created from cloth, plastic and PU leather and features a card slot for easy access to your credit card while protecting your Nokia 8.3 5G.
LC04-94-1004-3;Bofink Nokia 8.3 5G Card cover - Red;Stylish back cover for Nokia 8.3 5G with functional slim design. This case is created from cloth, plastic and PU leather and features a card slot for easy access to your credit card while protecting your Nokia 8.3 5G.
LC04-94-1004-4;Bofink Nokia 8.3 5G Card cover - Brown;Stylish back cover for Nokia 8.3 5G with functional slim design. This case is created from cloth, plastic and PU leather and features a card slot for easy access to your credit card while protecting your Nokia 8.3 5G.
LC04-94-1004-5;Bofink Nokia 8.3 5G Card cover - Blue;Stylish back cover for Nokia 8.3 5G with functional slim design. This case is created from cloth, plastic and PU leather and features a card slot for easy access to your credit card while protecting your Nokia 8.3 5G.
LC10-124-1023-1;Princess Sony Xperia 10 III cover - Cyan / Purple;The Princess case for iPhone 12 Mini is a flexible mobile-case a fun floating glitter-effect. A fancy iPhone 12 Mini case for everyone that wants to protect their mobile while looking like a princess.
LC10-124-1023-2;Princess Sony Xperia 10 III cover - Rose / Purple;The Princess case for iPhone 12 Mini is a flexible mobile-case a fun floating glitter-effect. A fancy iPhone 12 Mini case for everyone that wants to protect their mobile while looking like a princess.
LC10-124-1023-3;Princess Sony Xperia 10 III cover - Rose / Cyan;The Princess case for iPhone 12 Mini is a flexible mobile-case a fun floating glitter-effect. A fancy iPhone 12 Mini case for everyone that wants to protect their mobile while looking like a princess.
LC10-124-1023-4;Princess Sony Xperia 10 III cover - Purple / Blue;The Princess case for iPhone 12 Mini is a flexible mobile-case a fun floating glitter-effect. A fancy iPhone 12 Mini case for everyone that wants to protect their mobile while looking like a princess.
