look;se;dk;no;fi;de;nl;fr
abstract animal;;abstrakt dyr;;;;;
abstract floral;abstrakta blommor;abstrakte blomster;abstrakt blomst;abstrakti kukka;;;
adorable giraffe wearing glasses;söt giraff med glasögon;sød giraf med briller;bedårende giraffe med briller ;ihana kirahvi lasit päässä;;;
adorable owl;söt uggla;sød ugle;bedårende ugle;;;;
adorable pandas;bedårande panda;dejlige pandaer;bedårende pandaer ;suloinen panda;;;
almond tree in blossom;blommande mandelträd;mandeltræ i blomst;;;;;
aloe;aloe;aloe;;;;;
alpaca;alpacka;alpaka;alpakka;alpakka;;;
an owl standing on branch;en uggla på en gren;en stående ugle på en gren;en ugle som sitter på en gren;pöllö seisoo oksalla;;;
angry bear and warning;arg björn och varning;vred bjørn og advarsel;sint bamse og advarsel;vihainen karhu ja varoitus;;;
angry bear and warning words;arg björn och varnande ord;vred bjørn og advarende ord;sint bamse og advarende ord;vihainen karhu ja varoitussanat;;;
angry face and warning;argt ansikte och varning;vredt ansigt og advarsel;sint ansikt og advarsel;vihaiset kasvot ja varoitus;;;
animals;djur;dyr;;;;;
army stripe camo;armé kamouflage;armystriped camouflage;militærstripe kamuflasje;armeijan maastokuvio;;;
arrogant cat;arrogant katt;arrogant kat;arrogant katt;ylimielinen kissa;;;
astronomical girl;astronomisk tjej;astronomisk pige;;tähtitieteellinen tyttö;;;
avocado;avokado;avocado;avokado;avokado;;;
azul marble pattern;azul marmormönster;azul marmormønster;blått marmormønster;sininen marmori kuvio;;;
baby blue unicorns;babyblå enhörning;babyblå enhjørninge;lyseblå enhjørninger;vaaleansinisiä yksisarvisia;;;
baby panda;baby panda;baby panda;baby panda;vauva panda;;;
baby bear;;baby bjørn;;;;;
ballet;balett;ballet;;;;;
balloon and eiffel tower;ballong och eiffeltornet;ballon og eiffel tårnet;ballong og eiffeltårnet;ilmapallo ja eiffel-torni;;;
bamboo and panda;bambu och panda;bambus og panda;bambus og panda;bambu ja panda;;;
bamboo panda;bambu panda;bambus panda;bambus panda;bambu panda;;;
banana;banan;banan;banan;banaani;;;
banana leaf;banan blad;bananblad;bananblad;banaaninlehti;;;
banana leaves;bananlöv;bananblade;bananblader;banaaninlehdet;;;
banana tree;bananträd;banantræ;banantre;banaanipuu;;;
banana trees;bananträd;banantræer;banantrær;banaanipuut;;;
bananas;bananer;bananer;;banaanit;;;
be grateful;var tacksam;vær taknemmelig;vær takknemlig;ole kiitolllinen;;;
be grateful marble;var tacksam marmor;vær taknemmelig marmor;vær takknemlig marmor;ole kiitollinen marmori;;;
be happy;;vær glad;;ole iloinen;;;
strand;strand;strand;;ranta;;;
bear;björn;bjørn;bamse;karhu;;;
bear and its warnings;björn med varningar;bjørn og advarelser;bamse og dens advarsel;karhu ja sen varoitukset;;;
bear and warning;björn och varning;bjørn og advarsel;;karhu ja varoitus;;;
bear pattern;björnmönster;bjørnemønster;bamsemønster;karhu kuvio;;;
bear with expressions;björn med uttryck;bjørn med udtryk;bamse med uttrykk;karhun ilmeet;;;
beautiful butterflies;vackra fjärilar ;smukke sommerfugle;vakre sommerfugler;kauniita perhosia;;;
beautiful butterfly;vacker fjäril;smuk sommerfugl;vakre sommerfugl;kaunis perhonen;;;
beautiful flowers;vackra blommor;smukke blomster;vakre blomster;kauniit kukat;;;
beautiful flower;vacker blomma;smuk blomst;vakker blomst;kauniit kukka;;;
beautiful girl;vacker tjej;smuk pige;vakker jente;kaunis tyttö;;;
beautiful scenery;vackert landskap;smukt landskap;vakkert landskap;kaunis maisema;;;
beautiful tree;;smukt træ;;kaunis puu;;;
beauty;skönhet;skønhed;skjønnhet;kaunotar;;;
beauty and starfish;skönthet och sjöstjärna;skønhed og søstjerne;skjønnhet og sjøstjerne;kauneus ja meritähti;;;
beauty pattern;vackert mönster;skønhed mønster;skjønnhetsmønster;kauneusmalli;;;
beauty's back;vacker rygg;beauty's back;;kauneuden takaisin;;;
big ben;big ben;big ben;big ben;iso ben;;;
big ben and uk flag;big ben och engelsk flagga;big ben og engelsk flag;big ben og uk-flagg;big ben ja uk lippu;;;
big butterfly;stor fjäril;stor sommerfugl;stor sommerfugl;iso perhonen;;;
big panda;stor panda;stor panda;stor panda;iso panda;;;
bike and tower;cykel och torn;cykel og tårn;sykkel og tårn;pyörä ja torni;;;
bird;fågel;fugl;fugl;lintu;;;
biscuit;kex;kiks;kjeks;keksi;;;
black / gold butterflies;svart / guld fjäril;sort / guld sommerfugle;svarte/gull sommerfugler;musta / kulta perhoset;;;
black / pink flowers;svart / rosa blommor;sort / lyserød blomster;svarte / rosa blomster;mustat / pinkit kukat;;;
black / white flower;svart / vit blomma;sort / hvide blomster;svart/hvit blomst;musta / valkoinen kukka;;;
black and white animal;svartvita djur;sort og hvid dyr;svart-hvitt dyr;mustavalkoinen eläin;;;
black and white cat;svartvit katt;sort og hvid kat;svart og hvit katt;musta ja valkoinen kissa;;;
black and white cats;svartvita katter;sort og hvide katte;svarte og hvite katter;musta ja valkoiset kissat;;;
black butterfly;;sort sommerfugl;;;;;
black and white snakeskin;svartvitt ormskinn;sort og hvid slaneskind;;;;;
black cat;svart katt;sort kat;svart katt;musta kissa;;;
black cat head;svart katthuvud;sort kattehoved;svart katthode;musta kissanpää;;;
black cats;svarta katter;sorte katte;svarte katter;musta kissat;;;
black dog;;sort hund;;musta koira;;;
black checkered pattern;svart schackmönster;sort ternet mønster;;;;;
black cute panda;svart söt panda;sort sød panda;svart søt panda;musta suloinen panda;;;
black feather;svart fjäder;sort fjer;svart fjær;musta sulka;;;
black flower;svart blomma;sort blomst;svart blomst;musta kukka;;;
black flowers;svarta blommor;sorte blomster;svarte blomster;musta kukat;;;
black happy panda;svart lycklig panda;sort glad panda;svart glad panda;musta iloinen panda;;;
black husky;svart husky;sort husky;svart husky;musta husky;;;
black lace;svart spets;sorte blonder;svarte blonder;musta pitsi;;;
black lace and butterfly;svart spets och fjäril;sort blonder og sommerfugl;svarte blonder og sommerfugl;musta pitsi ja perhonen;;;
black malanda flower;svart mandala blomma;sort mandala blomst;svart mandala blomst;musta maljaa kukka;;;
black mandala;svart mandala ;sort mandala;svart mandala;musta mandala;;;
black outer layer / blue;svart yttre lager / blå;sort ydre lag / blå;;;;;
black outer layer / watermelon red;svart yttre lager / vattenmelon röd;sort ydre lag / vandmelon rød;;;;;
black owl;svart uggla;sort ugle;svart ugle;musta pöllö;;;
black panda;svart panda;sort panda;svart panda;musta panda;;;
black panda with bowknot;svart panda med knut;sort panda med sløjfe;svart panda med sløyfe;musta panda ja rusetti;;;
black rats;svarta råttor;sorte rotter;svarte rotter;mustat rotat;;;
black shine;svart glans;sort skin;svart glans;;;;
black shine marble;svart glansmarmor;sort skin marmor;svart glansmarmor;musta kiilto marmori;;;
blackish green;svartaktig grön;sortliggrøn;svartgrønn;;;;
bling butterfly;glittring fjäril;bling sommerfugl;;bling perhonen;;;
blooming flower;blommande blomma;blomstrende blomst;blomstrende plante;kukkivat kukat;;;
blu ray;blu-ray;blu ray;;;;;
blue agate marble;blå agat marmor;blå agat marmor;;;;;
blue and gold butterflies;blå och guld sommarfluga;blå og guld sommerfugle;blå og gull sommerfugler;sininen ja kulta perhoset;;;
blue and gold butterfly;blå och guld fjäril;blå og guld sommerfugl;;sininen ja kultainen perhonen;;;
blue and pink clouds;blå och rosa moln;blå og lyserøde skyer;blå og rosa skyer;siniset ja pinkit pilvet;;;
blue and yellow suns;blå och gula solar;blå og gule sole;blå og gule soler;siniset ja keltaiset auringot;;;
blue butterflies;blå fjärilar;blå sommerfugle;blå sommerfugler;siniset perhoset;;;
blue butterflies and flowers;blå fjärilar och blommor;blå sommerfugle og blomster;blå sommerfugler og blomster;siniset perhoset ja kukat;;;
blue butterfly;blå fjäril;blå sommerfugl;blå sommerfugl;sininen perhonen;;;
blue butterfly and flowers;blå fjäril och blommor;blå sommerfugl og blomster;blå sommerfugl og blomster;sininen perhonen ja kukat;;;
blue butterfly and flower;blå fjäril och blomma ;blå sommerfugl og blomst;blå sommerfugl og blomst;;;;
butterfly and flowers;fjäril och blommor;sommerfugl og blomster;sommerfugl og blomster;perhonen ja kukat;;;
blue cat eating ice cream;blå katt som äter glass;blå kat spiser is;;;;;
blue cloud surrounding star;blått moln runt stjärna;blå sky omringende stjerne;blå skyer rundt stjerner;sininen pilvi ympäröi tähteä;;;
blue feather;blå fjäder;blå fjer;blå fjær;sininen sulka;;;
blue flower;blå blomma;blå blomst;blå blomst;sininen kukka;;;
blue flower and butterfly;blå blomma och fjäril;blå blomst og sommerfugl;blå blomst og sommerfugl;sininen kukka ja perhonen;;;
blue flowers;blå blommor;blå blomster ;blå blomster;siniset kukat ;;;
blue flowers and butterflies;blåa blommor och fjärilar;blå blomster og sommerfugle;blå blomster og sommerfugler;siniset kukat ja perhoset;;;
blue leopard;blå leopard;blå leopard;;;;;
blue mandala;blå mandala;blå mandala;blå mandala;sininen mandala;;;
blue outer layer / black;blått yttre lager / svart;blåt ydre lag / sort;;;;;
blue owl;blå uggla;blå ugle;;;;;
blue owl and moon;blå uggla och måne;blå ugle og måne;;;;;
blue rainbow;blå regnbåge;blå regnbue;;;;;
blue rose;blå ros;blå rose;blå rose;sininen ruusu;;;
blue sand;blå sand;blåt sand;;;;;
blue skull and flowers;blå dödskalle och blommor;blåt kranium og blomster;;;;;
blue sky;blå himmel;blå sky;;;;;
blue vastness of space;blått universum;blåt univers;blått uendelig rom;sininen avaruuden laajuus;;;
blue wavy lines;blå vågiga linjer;blå bølge linjer;;;;;
blue with black spots pattern ;blå med svartfläckigt mönster;blå med sort pletter mønster;;;;;
bluish gold;blåaktig guld;blåligt guld;blålig gull;;;;
bluish gold marble;blåaktig guldmarmor;blålig guldmarmor;blåaktig gullmarmor;sinertävä kultamarmori;;;
bonjour paris;bonjour paris;bonjour paris;;;;;
boo characters;bu karaktärer ;boo-tegn;;;;;
boo!;bu!;boo!;;pöö!;;;
boom;boom;boom;boom;boom;;;
boy on a bike ride;pojke på cykeltur;dreng cykeltur;;;;;
boy panda;pojk panda;dreng panda;gutt panda;poja panda;;;
branch;gren;gren;gren;;;;
brown and black formations;bruna och svarta former;brun og sort formationer;;;;;
brown bear;brunbjörn;brun bjørn;;ruskea karhu;;;
brown bear and warning words;brunbjörn och varnande ord;brun bjørn og advarende ord;brun bamse og advarende ord;ruskea karhu ja varoitussanat;;;
brown bear eating;brunbjörn som äter;brun bjørn spiser;;;;;
brown hand;brun hand;brun hånd;;;;;
brown leopard;brun leopard;brun leopard;;;;;
brown owl;brun uggla;brun ugle;brun ugle;ruskea pöllö;;;
bus and car;buss och bil;bus og bil;buss og bil;bussi ja auto;;;
butterflies;fjärilar;sommerfugle;sommerfugler;perhoset;;;
butterflies and floret;fjärilar och småblommor;sommerfugle og floret;sommerfugler og floret;perhoset ja kukka;;;
butterflies and flowers;fjärilar och blommor;sommerfugle og blomster;sommerfugler og blomster;perhoset ja kukat;;;
butterfly;fjäril;sommerfugl;sommerfugl;perhonen;;;
butterfly and daisy;fjäril och tusensköna;sommerfugl og tusindfryd;sommerfugl og tusenfryd;perhonen ja päivänkakkara;;;
butterfly and flower;fjäril och blomma;sommerfugl og blomst;sommerfugl og blomst;perhonen ja kukka;;;
butterfly and tree;fjäril och träd;sommerfugl og træ;sommerfugl og tre;perhonen ja puu;;;
butterfly and white flowers;fjäril och vita blommor;sommerfugl og hvide blomster;sommerfugl og hvit blomster;perhonen ja valkoiset kukat;;;
butterfly fairy;fjärils fe;sommerfugle fe;sommerfuglfe;perhonen keiju;;;
butterfly girls;fjärilsflickor;sommerfugle piger;sommerfuglpike;perhonen tytöt;;;
butterfly girl;fjäril flicka;sommerfuglepige;sommerfugl pike;perhonen tyttö;;;
butterfly group;fjärils grupp;sommerfugl gruppe;sommerfugl gruppe;perhosryhmä;;;
butterfly pattern;fjärilsmönster;sommerfugl mønster;sommerfugl gruppe;perhonen kuvio;;;
butterfly with diamond;fjäril med diamant;sommerfugl med diamant;sommerfugl med diamant;perhonen ja timantti;;;
cactus;kaktus;kaktus;kaktus;kaktus;;;
camo triangles pattern;camouflage triangel mönster;camouflage trekanter mønster;;;;;
camouflage;camouflage;camouflage;kamuflasje;maastokuvio;;;
camouflage pattern;camouflagemönster;camouflagemønster;kamuflasjemønster;naamiointi kuvio;;;
car and balloon;bil och ballong;bil og ballon;bil og ballong;auto ja ilmapallo;;;
car with balloons;bil med ballonger;bil med balloner;bil med ballonger;auto ja ilmapallot;;;
carrot;morot;gulerød;gulrot;porkkana;;;
cars;bilar;biler;biler;autot;;;
cartoon animal;serietecknat djur;tegneserie dyr;tegneseriedyr;sarjis eläin;;;
cartoon animals;tecknade djur;tegneserie dyr;tegneseriedyr;sarjakuva eläimiä;;;
cartoon cat;tecknad katt;tegneseriekat;;;;;
cartoon elements;tecknade inslag;tegneserie elementer;;sarjakuvaelementit;;;
cartoon giraffe;tecknad giraff;tegneseriraffer;;sarjakuvakiirahvi;;;
cartoon graffiti;tecknad graffiti;tegneserie graffiti;;;;;
cartoon owl and dots;serietecknad uggla med prickar;tegneserie ugle og prikker;tegneserieugle og prikker;sarjis pöllö ja pisteet;;;
cartoon pattern;serietecknat mönster;tegneseriemønster;tegneseriemønster;sarjis kuvio;;;
cartoon unicorn;serietecknad enhörning;tegneserie enhjørning;tegneserieenhjørning;sarjis yksisarvinen;;;
castle peak hut;bergsstuga ;bjergtophytte;;linnan huiputupa;;;
cat;katt;kat;katt;kissa;;;
cat and flower tree;;kat og blomstertræ;;kissa ja kukka puu;;;
cat and floret;katt och småblommor;kat og bukket;;kissa ja floret;;;
cat and flower branches;katt och blomstergrenar;kat og blomstrende grene;katt og blomstergrener;kissa ja kukka oksat;;;
cat and reflection;katt och reflektion;kat og reflektion;katt og refleksjon;kissa ja heijastus;;;
cat and stairs;katt och trappor;kat og stjerner;katt og trapper;kissa ja portaat;;;
cat and tiger;katt och tiger;kat og tiger;katt og tiger ;kissa ja tiikeri;;;
cat and tiger reflection;katt och tiger reflektion;kat og tiger reflektion;katt og tiger refleksjon;kissa ja tiikeri heijastus;;;
cat and tiger reflection in water;katt och tiger reflektion i vatten;kat og tiger vandreflektion;;;;;
cat and tree;katt och träd;kat og træ;katt og tre;kissa ja puu;;;
cat climbing stairs;katt som klättrar trappor;kat klatrer trapper;katt som klatrer;kissa kiipeää rappuja;;;
cat eyes;kattögon;katte øjne;kattøyne;kissansilmät;;;
cat face;kattansikte;katte ansigt;;kissan kasvot;;;
cat footprint;katt tassavtryck;katte fodaftryk;kattens fotavtrykk;kissan jalanjälki;;;
cat in hat;katt i hatt;kat i hat;katt i hatt;kissa hatussa;;;
cat pattern;kattmönster;kattemønster;kattemønster;kissa kuvio;;;
cat reading book;;kat læser bog;;kissan lukukirja;;;
cat smile;katt leende;katte smil;;;;;
cat wearing cloth;katt i jacka;kat med tøj;;;;;
cat wearing hat;katt i hatt;kat med hat;katt iført hatt;kissa yllään hattu;;;
cat wearing mask;katt med mask;kat med maske;katt iført maske ;kissa yllään naamio;;;
cat with blue eyes;katt med blåa ögon;mis med blå øjne;katt med blå øyne;;;;
cat with colorful tail;katt med färgglad svans;kat med farverig hale;;kissa värikkäällä hännällä;;;
cat with glasses;katt med glasögon;kat med briller;katt med briller;kissa lasit;;;
cats;katter;katte;katter;kissat;;;
cats and hearts;katter och hjärtan;katte og hjerter;;;;;
caution color arrow;varnings pilar;advarselspil farve;;;;;
caution color grunge;slitna varnings pilar;advarselspil farve grunge;;;;;
celadon green leopard;grön leopard;celadon grøn leopard;;;;;
cherry blossom petal;körsbärsblad;kirsebær blomsterflor;kirsebærblader;kirsikankukka terälehti;;;
cherry blossoms;körsbärsblommor;kirsebær i flor;;;;;
chilling pineapple with shades;avslappnad ananas med solglasögon;chilled ananas med solbriller;;;;;
christmas cat;jul katt;jule kat;julekatt;joulun kissa;;;
christmas items;jul saker;juleting;;;;;
chrysanthemum;krysantemum;krysantemum;chrysanthemum;krysanteemi;;;
city girl;stadstjej;bypige;byjente;city tyttö;;;
city meteorite;stad meteorit;my metorit;;kaupungin meteoriitti;;;
cloud pattern;molmmönster;skymønster;skymønster;pilvi kuvio;;;
clock;;ur;;kello;;;
coffee;kaffe;kaffe;kaffe;;;;
colorful blocks;färgglada rutor;farverige blokke;fargerike blokker;värikkäitä lohkoja;;;
colorful butterflies;färggranna fjärilar;farverige sommerfugle;fargerike sommerfugler;värikäs perhoset;;;
colorful butterfly;färgglad fjäril;farverig sommerfugl;;värikäs perhonen;;;
colorful cloud marble;färgglad molnmarmor;farverig sky marmor;fargerik cloud marble;värikäs pilvimarmori;;;
colorful diamond pattern;färgglada diamantmönster;farverigt diamantmønster;fargerikt diamantmønster;värikäs diamond kuvio;;;
colorful dream catcher;färgglad drömfångare;farverigt drømmefanger;fargerike drømmefanger;;;;
colorful droplet pattern;färgglatt droppmönster;farverig dråbe mønster;;;;;
colorful fish;färgglad fisk;farverig fisk;fargerik fisk;värikäs kala;;;
colorful flower;färgglada blommor;farverig blomst;fargerik blomst;värikäs kukka;;;
colorful geometric diagram;färgglatt gemometriskt diagram;farverigt geometrisk diagram;;;;;
colorful geometric figure;färgglad geometrisk figur;farverigt geometrisk figur;;;;;
colorful hearts;färgglada hjärtan;farverige hjerter;;värikkäät sydämet;;;
colorful ice cream;färgglad glass;farverigt is;fargerik is;värikäs jäätelö;;;
colorful land;färgglatt landskap;farverigt land;;värikäs maa;;;
colorful line pattern;färgglatt linje mönster;farverigt linje mønster;;;;;
colorful mandala flower;färgglad mandala;farverigt mandala blomst;;värikäs mandala kukka;;;
colorful owl;färgglad uggla;farverig ugle;;;;;
colorful painting;färgglad målning;farverigt maleri;fargerik maling;värikäs maalaus;;;
colorful petals;färgrika blad;farverige blade;fargerike blader;värikäs terälehdet;;;
colorful plunge;färgglada fläckar;farverigt dyk;;;;;
colorful roses;färgglada rosor;farverige roser;fargerike roser;värikäs ruusut;;;
colorful sky;färgglad himmel;farverig sky;fargerik himmel;värikäs taivas;;;
colorful space cloud;färgrika rymdmoln;farverigt univers;fargerike skyer;värikäs avaruuspilvi;;;
colorful street;färgglad gata;farverig gade;fargerik gate;värikäs katu;;;
colorful swirls;färgglada virvlar;farverige hvirvler;;;;;
colorful tree;färgglatt träd;farverigt træ;fargerikt tre;värikäs puu;;;
colorful triangles grids;färgglatt triangel mönster;farverige trekanter net;;;;;
colorized butterflies;färglagda fjärilar;farvede sommerfugle;;värilliset perhoset;;;
colorized butterfly;färglagd fjäril;farvet sommerfugl;fargelagt sommerfugl;värjätty perhonen;;;
colorized elephant;färglagd elefant;farvet elefant;;;;;
colorized hearts;färglagda hjärtan;farvet hjerter;fargelagte hjerter;väritetyt sydämet;;;
colorized lemon;färglagd citron;farvet lemon;fargelagt sitron;värjätty sitruuna;;;
colorized mandala flower;färgad mandalablomma;farvet mandala blomster;fargelagt mandala;värjätty mandala kukka;;;
colorized pattern;färgat mönster;farvet mønster;fargelagt mønster;värjätty kuvio;;;
colorized tree;färgat träd;farvet træ;fargelagt tre;värjätty puu;;;
constellations;konstellationer;konstellationer;konstellasjoner;tähtikuviot;;;
cookies;kakor;småkager;kjeks;keksit;;;
cool cat;cool katt;sej kat;;siisti kissa;;;
giraffe;giraff;giraf;sjiraff;kirahvi;;;
cool giraffe;cool giraff;sej giraf;kul sjiraff;cool kirahvi;;;
cool leopard pattern;coolt leopard mönster;sejt leopad mønster;;;;;
cool skulls;coola dödskallar;seje kranier;kule hodeskalle;;;;
cool yellow pineapple;cool gul giraff;cool gul ananas;kul gul ananas;cool keltainen ananas;;;
cosmetics;smink;kosmetik;sminke;kosmetiikka;;;
cosmic space;kosmisk rymd;kosmisk univers;kosmisk rom;kosminen tila;;;
couple owls and tree;ett par ugglor och ett träd;uglepar og et træ;uglepar og tre;pöllö pari ja puu;;;
couple panda;;panda par;;;;;
couple unicorns;ett par enhörningar;par enhjørninger;;pari yksisarvista;;;
couples on the street;par på gatan;par på gaden;par på gaten;pariskunnat kadulla;;;
crane and flowers;kran och blommor;kran og blomster;kran og blomster;kurki ja kukat;;;
crystal butterflies;kristallfjärilar;krystal sommerfugle;krystallsommerfugler;kristalli perhoset;;;
crystal butterfly;kristallfjäril;krystal sommerfugl;;kristalliperhonen;;;
crystal butterfly and tower;kristallfjäril och torn;krystal sommerfugl og tårn;;kristalliperhonen ja torni;;;
crystals;kristaller;krystaler;;;;;
cube;kub;terning;;;;;
cup cakes;muffins;cup cakes;;;;;
cute animal;gulligt djur;sødt dyr;søt dyr;söpö eläin;;;
cute bear;söt björn;sød bjørn;søt bjørn;söpö karhu;;;
cute cats;söta katter;søde katte;søte katter;söpö kissat;;;
cute christmas items;söta jul saker;søde juleting;;;;;
cute elephant;söt elefant;sød elefant;søt elefant;suloinen norsu;;;
cute owls;söta ugglor;søde ugler;søte ugler;suloinen pöllöt;;;
cute panda;söt panda;sød panda;søt panda;söpö panda;;;
cute panda in autumn;söt panda på hösten;sød panda i efteråret;;;;;
cute panda in dark blue;söt panda i mörkblått;sød panda i mørkeblå;søt panda i mørk blå;suloinen panda tummansininen;;;
cute pandas;söta pandor;søde pandaer;søte pandaer;söpöt pandat;;;
cute unicorn;söt enhörning;sød enhjørning;søt enhjørning;suloinen yksisarvinen;;;
cyan bear;cyan björn;cyan bjørn;cyanbjørn;syaani karhu;;;
cyan flower;cyanblomma;cyan blomst;cyanfarget blomst;sinivihreä kukka;;;
cyan heart;cyan hjärta;cyan hjerte;;;;;
daisy;tusensköna;tusindfryd;tusenfryd;päivänkakkara;;;
dancing;dans;dans;dans;tanssi;;;
dandelion;maskros;mælkebøtte;løvetann;voikukka;;;
dandelion pattern;maskros mönster;mælkebøtte mønster;løvetann mønster;voikukkakuvio;;;
dark blue camouflage;mörkblå camouflage;mørkeblåt camouflage;;;;;
dark blue cute cat;mörkblå söt katt;mørkeblå sød kat;mørk blå søt katt;tummansininen suloinen kissa;;;
dark blue marble tile;mörkblå marmor plattor;mørkeblå marmorfilser;;;;;
dark blue outer layer / green;mörkblått yttre lager / grön;mørkeblåt ydre lag / grøn;;;;;
dark blue outer layer / watermelon red;mörkblått yttre lager / vattenmelon röd;mørkeblåt ydre lag / vandmelon rød;;;;;
dark blue panda;mörkblå panda;mørkeblå panda;mørk blå panda;tummansininen panda;;;
dark triangles;mörka trianglar;mørke trekanter;mørke trekanter;;;;
dark triangles marble;mörka trianglar marmor;dark triangles marble;;tumma kolmio marmori;;;
datura;spikklubba;datura;;;;;
deer and flowers;rådjur och blommor;hjort og blomster;;;;;
deep pink bears;mörkrosa björnar;mørk lyserød bjørne;dyprosa bamser;tummanpinkit karhut;;;
deep pink pig;mörkrosa gris;mørk lyserød gris;dyprosa gris;tummanpinkki possu;;;
deer;hjort;hjort;hjort;peura;;;
diamante butterfly;diamantfjäril;diamant sommerfugl;diamantsommerfugl;timantti perhonen;;;
diamond black;svart diamant;sort diamant;diamant svart;timantti musta;;;
diamond blue / rose marble;blå diamant / rosa marmor;blå blomst / rosa marmor;diamant blå / rosa marmor;timantti sininen / ruusu marmori;;;
diamond prince;diamantprins;diamant prins;diamant prins;timantti prinssi;;;
do not touch;rör inte;do not touch;;älä kosk ;;;
do not touch my phone;rör inte min telefon;rør ikke ved min telefon;ikke rør telefonen min;älä koske mun puhelimeen;;;
don't touch me;;rør ikke ved mig;ikke rør meg;älä koske minuun;;;
dog;hund;hund;hund;koira;;;
dollar bills;dollarsedlar;dollar sedler;dollarsedler;dollari setelit;;;
dolphins;delfiner;delfiner;delfiner;delfiinit;;;
don't touch my pad;rör inte min platta;don't touch my pad;ikke rør nettbrettet mitt;älä koske mun padiin;;;
doughnut pattern;munkmönster;donut mønster;;;;;
doughnuts;munkar;doughnuts;smultringer;donitsit;;;
dragon;drake;drage;;lohikäärme;;;
dragonfly flower;trollslända / blomma;guldsmed blomst;;;;;
dream catcher;drömfångare;drømmefanger;drømmefanger;unisieppari;;;
dreamy planet in space;drömlik planet i rymden;drømmende planet i rummet;drømmeaktig planet i rommet;unelma planeetta avaruudessa;;;
dressed bear;påklädd björn;klædt bjørn;kledd bamse;pukeutunut karhu;;;
duck;anka;and;and;ankka;;;
eiffel tower;eifeltornet;eiffel tårnet;eiffeltårnet;eiffel torni;;;
eiffel tower and bicycle;eifeltornet och cykel;eiffel tårnet og cykel;eiffeltårnet og sykkel;eiffel torni ja pyörä;;;
elegant butterflies;elegant fjäril;elegante sommerfugle;elegante sommerfugler;elegantit perhoset;;;
elegant flower;elegant blomma;elegant blomst;elegant blomst;elegantti kukka;;;
elephant;elefant;elefant;elefant;norsu;;;
elephant and flowers;elefant och blommor;elefant og blomster;elefant og blomster ;norsu ja kukat;;;
elephant and malanda flower;elefant och mandala blommor;elefant og mandala blomst;elefant og mandala;norsu ja malanda kukka;;;
elephant and peacock;elefant och påfågel;elefant og påfugl;elefant og påfugl;norsu ja riikinkukko;;;
elephant and umbrella;elefant och paraply;elefant og paraply;elefant og paraply;norsu ja sateenvarjo;;;
elephant holding an umbrella;elefant håller ett paraply;elefant holder en paraply;elefant som holder en paraply;norsu pitää sateenvarjoa;;;
elephant splash paint;elefant stänker färg;elefant maling splat;;;;;
elephant with umbrella;elefant med paraply;elefant med paraply;elefant med paraply;norsu sateenvarjon kanssa;;;
elk;älg;kronhjort;elg;hirvi;;;
elk pattern;älg mönster;kronhjort mønster;;;;;
emerald;smaragd;smaragd;smaragd;smaragdi;;;
english characters;engelska citat;engelsk citat;engelske tegn;englantilaisia kirjaimia;;;
eucalyptus;eukalyptus;eucalyptus;eukalyptus;eukalyptus;;;
evolution;evolution;evolution;;evoluutio;;;
eyes;ögon;øjne;øyne;silmät;;;
facial makeup;ansiktssmink;ansigts makeup;;;;;
falling flowers;fallande blommor;faldende blomster;dalende blomster;putoavat kukat;;;
falling hearts;fallande hjärtan;faldende hjerter;dalende hjerter;putoavat sydämet;;;
falling petals;fallande bland;faldende blade;dalende blader;putoavat terälehdet;;;
fashion girl holding bag;mode tjej håller i väska;mode pige holder taske;fashion girl holding bag;muoti tyttö laukku;;;
fat cat;tjock katt;fed kat;;;;;
fat pig;tjock gris;fed gris;;;;;
feather;fjäder;fjer;fjær;sulka;;;
feather and birds;fjäder och fåglar;fjer og fugle;fjær og fugler;sulka ja lintu;;;
feather and bird ;fjäder och fågel;fjer og fugl ;fjær og fugl;sulka ja lintu;;;
feather dream catcher;drömfångare med fjäder;drømmefanger i fjer;drømmefanger med fjær;sulka unisieppari;;;
feather pattern;fjädermönster;fjermønster;fjærmønster;sulka kuvio;;;
feathers;fjädrar;fjer;fjær;sulat;;;
female owl;kvinnlig uggla;kvindelig ugle;dameugle;tyttö pöllö;;;
flamingo;flamingo;flamingo;flamingo;flamingo;;;
flamingo and flowers;flamingo och blommor;flamingo og blomster;flamingo og blomster;flamingo ja kukat;;;
flamingo and pineapple;flamingo och ananas;flamingo og ananas;flamingo og ananas;flamingo ja ananas;;;
flamingos and flowers;flamingos och blommor;flamingoer og blomster;flamingoer og blomster;flamingot ja kukat;;;
flock of golden butterflies;flock gyllende fjärilar;en flok gyldne sommerfugle;;;;;
flower and beauty;blommor och skönhet;blomster og skønhed;blomst og skjønnhet;kukka ja kauneus;;;
flower and butterflies;blommor och fjärilar;blomster og sommerfugle;blomst og sommerfugler;kukka ja perhosia;;;
flower and butterfly;blommor och fjäril;blomst og sommerfugl;;kukka ja perhonen;;;
flower and cat;blomma och katt;blomst og kat;blomst og katt;kukka ja kissa;;;
flower and elephant;blomma och elefant;blomst og elefant;blomst og elefant;kukka ja norsu;;;
flower and letters;blommor och text;blomster og bogstaver;blomst og bokstaver;kukka ja kirjeet;;;
flower branches;blomgrenar;blomstergrene;blomstrene;kukka oksat;;;
flower elephant;blommig elefant;blomser elefant;blomsterelefant;kukka norsu;;;
flower girl;blomsterflicka;blomster pige;blomsterpike;kukka tyttö;;;
flower mountain;blom berg;blomster bjerg;;kukkavuori;;;
flower on branch;blommor på gren;blomst på gren;;;;;
flower pattern;blommigt mönster;blomstermønster;blomstermønster;kukka kuvio;;;
flowered beauty;blommig skönhet;blomstret skønhed;blomsterskjønnhet;kukkainen kaunotar;;;
flowered elk;blommig älg;blomstret kronhjort;;;;;
flowered tree;blomstrande träd;blomstret træ;blomstrende tre;kukkainen puu;;;
flowers;blommor;blomst;blomster;kukat;;;
flowers and butterflies;blommor och fjärilar;blomster og sommerfugle;blomster og sommerfugler;kukkia ja perhosia;;;
flowers and green leaves;blommor och gröna löv;blomster og grønne blade;blomster og grønne blader;vihreät lehdet;;;
flowers and skull;blommor och kranium;blomster og kranium;blomster og skalle;kukat ja kallo;;;
flowers in purple background;blommor i lila bakgrund;blomster på lilla baggrund;;;;;
flowers of blue and rose;blå blommor och rosor;blå blomster og roser;blå og rosa blomster;kukat sininen ja ruusu;;;
flowery marble;blommig marmor;blomstret marmor;blomstret marmor;kukkainen marmori;;;
flowery pattern;blommig mönster;blomstret mønster;;;;;
flying pigeon;flygande duva;flyvende due;flygende due;lentävä kyyhkynen;;;
football and panda;fotboll och panda;fodbold og panda;;jalkapallo ja panda;;;
football panda;fotbollspanda;fodbold panda;fotballpanda;jalkapallo panda;;;
footprint;fotavtryck;fodaftryk;fotspor;jalanjälki;;;
forest elk;skogsälg;skov kronhjort;;metsähirvi;;;
forest piano;skogspiano;skov piano;;metsäpiano;;;
forest road;skogsväg;skovvej;;metsätie;;;
forever & always pattern;för alltid & alltid mönster;evigt & altid mønster;evig og alltid mønster;ikuisesti ja aina malli;;;
forever and always;för alltid och alltid;forevigt & altid;for evig og alltid;;;;
four bears;fyra björnar;fire bjørne;fire bamser;neljä karhua;;;
four pattern marble;fyra mönster marmor;fire mønster marmor;fire mønster marmor;neljä kuvio marmoria;;;
fruits;frukter;frugter;frukt;hedelmät;;;
fuchsia rose marble;fuchsia rosa marmor;fuchsia steg marmor;fuchsia rosa marmor;fuksian ruusumarmori;;;
funny panda;rolig panda;sjov panda;morsom panda;hauska panda;;;
galaxy;galax;galakse;;;;;
galaxy pattern;galaxmönster;galakse mønster;;galaxy-kuvio;;;
gesture and words;gest och ord;gestus og ord;gester og ord;ele ja sanat;;;
giant panda;stor panda;kæmpepanda;kjempe panda;jättipanda;;;
giraffe wearing glasses;giraff med glasögon;giraf med briller;sjiraff med briller;kirahvi lasit päässä;;;
girl;flicka;pige;jente;tyttö;;;
girl and boy;flicka och pojke;pige og dreng;jente og gutt ;tyttö ja poika;;;
girl and boy playing;flicka och pojke leker;pige og dreng leger;;;;;
girl and butterflies;flicka och fjärilar;pige og sommerfugle;;;;;
girl and cat;tjej och katt;pige og kat;;;;;
girl and moonlight;flicka i månsken;pige og måneskin;jente og måneskinn;tyttö ja kuutamo;;;
girl in a white dress;flicka i vit klänning;pige i en hvid kjole;jente i en hvit kjole;tyttö valkoinen mekko;;;
glimmering blue heart;glimmrande blått hjärta;skinnende blåt hjerte;glittrende blått hjerte;vilkkuva sininen sydän;;;
glowing butterfly;lysnade fjäril;skinnende sommerfugl;;hehkuva perhonen;;;
glittery element and marble grain;;glitrende element og marmor korn;;kiiltävä elementti ja marmorijyvä;;;
gold butterflies;guldfjärilar;guld sommerfugle;gullsommerfugler;kultaiset perhoset;;;
gold butterfly;guldfjäril;guld sommerfugl;gullsommerfugl;kulta perhonen;;;
gold eyes;guld ögon;guld øjne;gulløyne;kultaiset silmät;;;
gold flower;guldblommor;guld blomster;gullblomst;kulta kukka;;;
gold flower pattern;guldblommor mönster;guld bomster mønster;gullblomstermønster;kulta kukka kuvio;;;
gold malanda;guld mandala;guld mandala;gull malanda;kulta malanda;;;
golden flower;guldig blomma;gylden blomst;gyllen blomst;kultainen kukka;;;
golden butterfly;;gylden sommerfugl;;;;;
gravel;grus;grus;;;;;
green avocado;grön avokado;grøn avocado;;;;;
green banana leaves;gröna bananblad;grønne bananblade;grønne bananblader;vihreät banaaninlehdet;;;
green butterflies;gröna fjärilar;grønne sommerfugle;grønne sommerfugler;vihreät perhoset;;;
green butterflies and flowers;gröna fjärilar och blommor;grønne sommerfugler og blomster;grønne sommerfugler og blomster;vihreät perhoset ja kukat;;;
green butterfly;grön fjäril;grøn sommerfugl;;vihreä perhonen;;;
green checkered pattern;grönt schackmönster;grønt ternet mønster;;;;;
green dinosaur;grön dinosaurie;grøn dinosaur;;;;;
green flower tree;grönt blomsterträd;grønt blomster træ;grønt blomstrende tre;vihreä kukka puu;;;
green hill cottage;grön bergsstuga;grønt bakke sommerhus;;green hill -mökki;;;
green leaf;grönt löv;grønt blad;grønt blad;vihreä lehti;;;
green lemon;grön citron;grøn lemon;grønn sitron;vihreä sitruuna;;;
green tree;grönt träd;grønt træ;grønt tre;vihreä puu;;;
green tree with birdcage;grönt träd med fågelbur;grønt træ med fuglebur;grønt tre med fuglebur;vihreä puu ja lintuhäkki;;;
grey and black clouds;grå och svarta moln;grå og sorte skyer;grå og svarte skyer;harmaat ja mustat pilvet;;;
grey bear;grå björn;grå bjørn;gråbjørn;harmaa karhu;;;
grey dream catcher;grå drömfångare;grå drømmefanger;grå drømmefanger;;;;
grey eyes;grå ögon;grå øjne;;;;;
grey tribal marble;grå tribal marmor;grå tribal marmor;grå stammemarmor;harmaa heimojen marmori;;;
grizzly bear;grizzlybjörn;grizzlybjørn;;harmaakarhu;;;
half feather;halv fjäder;halv fjer;halv fjær;puolikas sulka;;;
half flower;halv blomma;halv blomst;halv blomst;pulikas kukka;;;
hamster;hamster;hamster;hamster;hamsteri;;;
hanayama;hanayama;hanayama;;hanayama;;;
handsome panda;stilig panda;pæn panda;kjekk panda;komea panda;;;
happy panda;glad panda;glad panda;;;;;
happy cat;lycklig katt;glad kat;lykkelig katt;onnellinen kissa;;;
happy running;glatt springande;glad løber;lykkelig løping;hyvää juoksua;;;
heart in colorful shimmer;hjärta i färgglatt skimmer;hjerte i farverigt glimmer;hjerte i fargerikt sjimmer;sydän värikkäässä hohteessa;;;
hearts;hjärtan ;hjerter;hjerter;sydämet;;;
hearts and flowers;hjärtan och blommor;hjerter og blomster;hjerter og blomster;sydämet ja kukat;;;
hearts pattern;hjärtmönster;hjerter mønster;;sydämen kuvio;;;
hello;hallå;hello;;hei;;;
hello panda;hello panda / hej panda;hello panda;hei panda;hello panda;;;
henna flower;henna blomma;henna blomst;henna blomst;henna kukka;;;
henna lotus;henna lotus;henna lotus;henna lotus;henna lotus;;;
hexagon shape;hexagon form;hexagon form;sekskantform;;;;
hexagon shape marble;hexagon shape marble;hexagon form marmor;sekskantformet mønster;kuusikulmainen marmori;;;
high-heeled shoe;högklackad sko;højhælet sko;høyhælt sko;korkkari;;;
husky;husky;husky;husky;husky;;;
hyacinth;hyacint;hyacinth;;;;;
i am a caticorn;jag är en katthörning!;i am a caticorn;;olen kissa;;;
i will grow up;i will grow up / jag ska växa upp;i will grow up;jeg vil vokse opp;kasvan aikuiseksi;;;
i'm a caticorn;i am a caticorn ;i'm a caticorn;i'm a caticorn;olen kissarvinen;;;
ice bear;isbjörn;isbjørn;;jääkarhu;;;
ice cream;glass;is;iskrem;jäätelö;;;
ice cream man;;is mand;;;;;
ice cream cone;glassstrut;isvaffel;iskrem i kjeks;jäätelötötterö;;;
ice-creams;glassar;is;;jäätelöitä;;;
instruments;instrument;instrumenter;;;;;
it's a girl;det är en tjej;det er en pige;det er en jente;se on tyttö;;;
jumping unicorns;hoppande enhörningar;hoppende enhjørninger;;hyppää yksisarvisia;;;
jungle camouflage;jungel camoflauge;jungle camouflage;;;;;
kapok;kapock;kapoktræ;kapoktre;kapok;;;
keep calm and sparkle;keep calm and sparkle;bliv rolig og gnistrende;keep calm and sparkle;pysy rauhallisena ja säkenöi;;;
kiss;kyss;kys;;;;;
kiss my ass;kiss my ass;kys min røv;kiss my ass;suutele takapuoltani;;;
koala;koala;koala;koala;koala;;;
lace dream catcher;spets drömfångare ?;blondemønster drømmefanger;blondedrømmefanger;pitsi unisieppari;;;
lace flower;spets blomma;blondemønster blomst;blondeblomst;pitsi kukka;;;
lace flower;spetsblomma;blonderblomst;;pitsi kukka;;;
lace pattern;spetsmönster;blondemønster;blondemønster;pitsi kuvio;;;
lamp in a library;lampa i bibliotek;lampe i bibliotek;;;;;
landscape painting;landskapsmålning;landskabs maleri;;;;;
laughing cat;skrattande katt;grinende kat;leende katt;naurava kissa;;;
leaf and flower;blad och blomma;blad og blomst;blad og blomst;lehti ja kukka;;;
leaf pattern;bladmönster;blad mønster;bladmønster;lehtien kuvio;;;
leaves;blad;blade;blader;lehdet;;;
leaves pattern;lövmönster;blade mønster;løvmønster;;;;
leaves pattern marble;lövmönster marmor;leaves mønster marmor;løvmønster marmor;lehdet marmori;;;
lemon;citron;citron;;;;;
leopard camo;leopardmönster;leopard camouflage;leopardmønster;leopardi maastokuvio;;;
leopard pattern;leopardmönster;leopardmønster;;;;;
life tree;livsträd;livstræ;livstreet;elämän puu;;;
light blue flowers;ljusblå blomma;lyseblå blomster;lyseblå blomster;vaaleansiniset kukat;;;
light blue leopard pattern;ljusblått lepoard mönster;lyseblå leopard mønster;;;;;
light brown leopard;ljusbrun leopard;lysebrun leopard;;;;;
light pink cute dog;ljusrosa söt hund;lyserød sød hund;lyserosa søt hund;vaaleanpinkki suloinen koira;;;
light pink dog;ljusrosa hund;lyserød hund;lyserosa hund;vaaleanpinkki koira;;;
cute dog;;sød hund;søt hund;söpö koira;;;
light triangles;ljusa trianglar;lyse trekanter;lette trekanter;;;;
light triangles marble;ljusa trianglar marmor;lys trekanter marmor;lette trekanter marmor;kevyt kolmio marmori;;;
lightning deer;rymd rådjur;lyn hjort;;salama peura;;;
lightning elk;rymd älg;lyn kronhjort;;salama hirvi;;;
lily;lilja;lilje;lily;lilja;;;
lion;lejon;løve;løve;leijona;;;
lips;läppar;læber;lepper;huulet;;;
little girl;liten tjej;lille pige;;pikkutyttö;;;
little panda;liten panda;lille panda;;pikku panda;;;
little penguin;liten pingvin;lille pingvin;liten pingvin;pieni pingviini;;;
lollipop;klubba;slikkepind;;;;;
london bus;london buss;london bus;london buss;lontoon bussi;;;
london elements;london elements;london elementer;londonelementer;london elementit;;;
lotus;lotus;lotus;;lootus;;;
love hearts;kärleksfulla hjärtan;kærlige hjerter;love hearts;rakkaus sydämet;;;
love letters;kärksfulla ord;kærligheds bogstaver;kjærlighetsbrev;rakkauskirjeitä;;;
love pattern;love mönster;kærlighedsmønster;kjærlighet mønster;love-kuvio;;;
lovely animals;härliga djur;kærlige dyr;;;;;
lovely cat;härlig katt;skøn kat;nydelig katt;ihana kissa;;;
lovely cat wearing glasses;härlig katt med glasögon;kærlig kat med briller;nydelig katt med briller;ihana kissa silmälasit;;;
lovely owl;härlig uggla;kærlig ugle;søt ugle;ihana pöllö;;;
lovely pandas;härlig panda;kærlige pandaer;søte pandaer;ihanat pandat;;;
lovely penguin;härlig pingvin;kærlige pingviner;søt pingvin;ihanat pingviinit;;;
lover and dog;par och hund;par og hund;;rakastaja ja koira;;;
luminous cat face;lysnade kattansikte;lysende katte ansigt;;;;;
macaroon;macaron;macaroon;makroner;macaron;;;
macaroon;makron;macaroon;makron ;;;;
macaroon pattern;makron mönster;macaroon mønster;makronmønster;macaron kuvio;;;
maddening eyes;galna ögon;gale øjne;skulende øyne;raivoavat silmät;;;
make a wish;make a wish;make a wish;;;;;
magic butterflies;magiska fjärilar;magiske sommerfugle;magiske sommerfugler;taikuiset perhoset;;;
makeups;smink;makeup;sminker;meikki;;;
malanda and elephant;mandala och elefant;mandala og elefant;malanda og elephant;malanda ja norsu;;;
malanda flower;mandala blomma;mandala blomst;malandablomst;malanda kukka;;;
male owl;manlig uggla;mandlig ugle;manneugle;poika pöllö;;;
man;man;mand;;;;;
man on the moon;man på månen;mand på månen;;mies kuussa;;;
mandala;mandala;mandala;mandala;;;;
mandala flower;mandala blomma;mandala blomst;mandalablomst;mandala kukka;;;
marble striped pattern;marmorstripe mönster;marmorstriped mønster;marmorstripete mønster;marmori raidallinen kuvio;;;
marble texture;marmor textur;marmor tekstur;marmortekstur;marmori pintainen;;;
marmor mønster;marmor mönster;marmor mønster;marmormønster;;;;
math;matte;matematik;matte;matematiikka;;;
meow cat;mjao katt;meow cat;meow katt;miau kissa;;;
mermaid;havsjungfru;havfrue;havfrue;merenneito;;;
merry-go-round;merry-go-round / karusell;merry-go-round;karusell;karuselli;;;
metal butterflies;metall fjärilar;metal sommerfugle;metall sommerfugler ;metalliset perhoset;;;
metal flower;metall blommor;metal blomst;;;;;
meteorite;meteorit;meteorit;;meteoriitti;;;
mice;möss;mus;;;;;
mini animals;;mini dyr;;;;;
mini dolphin;mini delfin;mini delfin;;;;;
mini pandas;mini pandor;mini pandaer;;;;;
mom and kid;mamma och barn;mor og barn;mor og barn;äiti ja lapsi;;;
monkey;apa;abe;ape;apina;;;
moon;måne;måne;måne;kuu;;;
moon and cat smile;måne och leende katt;måne og katte smil;;;;;
moon landing;månlandning;måne landing;;kuuhun laskeutuminen;;;
morning glory;morning glory;morning glory;;;;;
mountain and river;berg och flod;bjerg og flod;;vuori ja joki;;;
mouse;älg;mus;mus;;;;
mouth;mun;mund;munn;suu;;;
multi-hexagon pattern;multi-sexhörning mönster;multi-sekskant mønster;multi-heksagon mønster;multi-heksagon kuvio;;;
multiple cats;många katter;mange katte;flere katter;useita kissoja;;;
multiple color pattern;flerfärgsmönster;flerfarvet mønster;;;;;
multiple cute owls;flera söta ugglor;mange søde ugler;flere søte ugler;useat suloiset pöllöt;;;
multiple owls;många ugglor;mange søde ugler;flere ugler;useat pöllöt;;;
my princess;min princessa;min prinsesse;;;;;
mysterious pattern;mystiskt mönster;mystisk mønster;mystisk mønster;salaperäinen kuvio;;;
nebula;nebulosa;nebula;;tähtisumu;;;
never stop dreaming;sluta aldrig drömma;aldrig stop drømme;aldri slutt å drømme;älä koskaan lopeta unelmoimista;;;
night sky;natthimmel;nattehimmel;nattehimmel;yötaivas;;;
note;lapp;bemærk;;merkintä;;;
oil painting;oljemålning;olie maleri;oljemaleri;öljymaalaus;;;
one meter away from me;en meter från mig;en meter væk fra mig;en meter unna meg;yhden metrin päässä minusta;;;
orange with black spots pattern ;oranget mönster med svarta fläckar;orange med sorte pletter mønster;;;;;
orange cat;;orange kat;oransje katt;oranssi kissa;;;
oreo cookies;oreo kakor;oreo småkager;;oreo-evästeet;;;
owl;uggla;ugle;ugle;pöllö;;;
owl and moon;uggla och måne;ugle og måne;ugle og måne ;pöllö ja kuu;;;
owl and tree;uggla och träd;ugle og træ;ugle og tre ;pöllö ja puu;;;
owl moon stars;uggla med måne och stjärna;ugle med måne og stjerner;ugle måne stjerner;pöllö kuu tähdet;;;
owl on branch;uggla på gren;ugle på gren;ugle på gren;pöllö oksalla;;;
owl on the branch;uggla på en gren;ugle på en gren;ugle på gren;pöllö oksalla;;;
owl with bowknot;uggla med knut;ugle med sløjfe;ugle med sløyfe;pöllö ja rusetti;;;
owl with cap;uggla med keps;ugle med kasket;ugle med cap;pöllö ja lakki;;;
owls;ugglor;ugler;ugler;pöllöt;;;
painting;målning;maleri;;maalaus;;;
panda and bear;panda och björn;panda og bjørn;panda og bamse;panda ja karhu;;;
panda and heart;panda och hjärta;panda og hjerte;panda og hjerte;panda ja sydän;;;
panda bamboo;panda bambu;panda bambus;panda bambus;panda bambu;;;
panda climbing on bamboo;panda som klättrar på bambu;panda klatrer bambus;panda som klatrer på bambus;panda kipeää bambua;;;
panda climbing tree;panda klättrar ett träd;panda klatrer et træ;panda som klatrer i et tre;panda kiipeää puuhun;;;
panda eating;panda äter;panda spiser;;;;;
panda eating bamboo;panda äter bambu;panda spiser bambus;;;;;
panda head;panda huvud;panda hovede;pandahode;panda pää;;;
panda holding a bottle;panda håller en flaska;panda holder en flaske;panda som holder en flaske;panda pitää pulloa;;;
panda holding bamboo;panda håller bambu;panda holder bambus;panda som holder bambus;panda pitää bambua;;;
panda sitting;;panda sidder;;panda istuu;;;
panda on bamboo;panda på bambus;panda på bambus;panda på bambus;panda bambussa;;;
panda on the tree;panda i ett träd;panda på et træ;;panda puussa;;;
panda pattern;pandamönster;pandamønster;pandamønster;panda kuvio;;;
panda playing football;panda spelar fotboll;panda spiller fodbold;panda som leker med en ball;panda pelaa jalkapalloa;;;
panda say hello;panda säger hej;panda siger hello;panda som sier hei;panda sanoo hei;;;
panda wanna hug;panda vill kramas;panda vil kramme;panda som vil klemme;panda haluaa halin;;;
panda with bottle;panda med flaska;panda med flaske;panda med flaske;panda ja pullo;;;
panda with heart;panda med hjärta;panda med hjerte;panda med hjerte;panda sydämellä;;;
panda with moustache;panda med mustasch ;panda med overskæg;;panda viiksillä;;;
pandas;pandor;pandaer;pandaer;pandat;;;
paris eiffel tower;eifeltornet i paris;paris eiffel tårn;paris eiffeltårnet;paris eiffel torni;;;
paris tower;paris torn;paris tårn;paris-tårnet;pariisin torni;;;
peach blossom;persikoblomma;fersken blomst;ferskenblomst;;;;
peach flower;periskoblomma;fersken blomst;ferskenblomster;persikankukka;;;
pearl triangle tile;pärl triangel plattor;perle trekant flise;;;;;
penguin;pingvin;pingvin;pingvin;pingviini;;;
penguin with piano;pingvin med piano;pingvin med piano;pingvin med piano;pingviini pianolla;;;
penguins;pingviner;pingviner;pingviner;pingviinit;;;
peony;pion;peony;peon;pioni;;;
person lake;människa vid flod;person ved flod;;henkilö lake;;;
petals pattern;kronblandsmönster;kronblademønster;bladmønster;terälehti kuvio;;;
piano and people;piano och människa;piano og mennesker;;piano ja ihmiset;;;
pig;gris;svin;gris;sika;;;
pineapple;ananas;ananas;ananas;ananas;;;
pineapple with sunglasses;ananas med solglasögon;ananas med solbriller;ananas med solbriller;ananas ja aurinkolasit;;;
pink / orange marble;rosa / orange marmor;lyserød / orange marmor;rosa / oransje marmor;vaaleanpunainen / oranssi marmori;;;
pink butterflies;;lyserød sommerfugle;;;;;
pink agate marble;rosa agat marmor;lyserødt agate marmor;;;;;
pink and green doughnut;rosa och grön munk;pink og grøn doughnut;rosa og grønn doughnut;vaaleanpunainen ja vihreä donitsi;;;
pink bowknot;rosa knut;pink sløjfe;;;;;
pink cat;rosa katt;pink kat;;;;;
pink elephant;rosa elefant;lyserød elefant;rosa elefant;pinkki norsu;;;
pink flower;rosa blomma;lyserød blomst;rosa blomst;pinkki kukka;;;
pink flowers;rosa blommor;lyserøde blomster;rosa blomster;pinkit kukat;;;
pink flowers and butterflies;rosa blommor och fjärilar;lyserøde blomster og sommerfugle;rosa blomster og sommerfugler;pinkit kukat ja perhoset;;;
pink glitter and marble;rosa glitter och marmor;lyserødt glimmer og marmor;rosa glitter og marmor;pinkki glitteri ja marmori;;;
pink ice cream;rosa glass;lyserød is;rosa iskrem;vaaleanpunainen jäätelö;;;
pink leopard;rosa leopard;lyserød leopard;;;;;
pink mandala;rosa mandala;lyserød mandala;rosa mandala;pinkki mandala;;;
pink marble;rosa marmor;lyserødt marmor;rosa marmor;pinkki marmori;;;
pink peach;rosa persika;pink fersken;;;;;
pink peach flowers;rosa nyblomster;lyserøde fersken blomster;rosa ferskenblomster;pinkit persikan kukat;;;
pink pig;rosa gris;lyserød gris;rosa gris;vaaleanpunainen sika;;;
pixie moon pattern;pixie månmönster;pixie moon mønster;alv måne mønster;pixie moon kuvio;;;
pizzas;pizzor;pizzaer;;pizzat;;;
planet;planet;planet;planet;planeetta;;;
planets;planeter;planeter;planeter;planeetat;;;
plum;;;plomme;;;;
plum blossom;plommonblomma;blommetræ i blomst;plommeblomst;luumu kukka;;;
plum marble;plommonmarmor;blomme marmor;plommemarmor ;luumu marmori;;;
polar bear;isbjörn;isbjørn;isbjørn;jääkarhu;;;
pretty flower;vacker blomma;smuk blomst;vakker blomst;kaunis kukka;;;
pretty flowers;vackra blommor;smukke blomster;vakre blomster;kauniit kukat;;;
pretty flowers and butterflies;vackra blommor och fjärilar;flotte blomster og sommerfugle;;kauniita kukkia ja perhosia;;;
pretty girl;vacker tjej;flot pige;pen jente;kaunis tyttö;;;
pretty girl's back;vacker tjejsrygg;flot piges ryg;;kauniita tyttöjä takaisin;;;
pretty hearts;fina hjärtan;flotte hjerter;vakre hjerter;kauniit sydämet;;;
princess;prinsessa;prinsesse;prinsesse;prinsessa;;;
purple / rose and blue shade;lila/rosa och blå skugga;lilla / lyserød og blå skygge;lilla / rosa og blå nyanser;violetti / ruusu ja sininen värisävy;;;
purple aurora;lila norrsken;lilla aurora;;purppura aurora;;;
purple hue marble;;;lilla fargetone marmor;;;;
purple butterflies;lila fjärilar;lilla sommerfugle;lilla sommerfugler;violetit perhoset;;;
purple butterfly;lila fjäril;lille sommerfugl;;violetti perhonen;;;
purple clouds;lila moln;lilla skyer;lilla skyer;violetit pilvet;;;
purple dreamy tile;lila drömmig marmor;lilla drømme marmor;;;;;
purple feather and birds;lila fjäder och fåglar;lilla fjer og fugle;lilla fjær og fugler;violetti sulka ja linnut;;;
purple flower;lila blomma;lilla blomst;lilla blomst;violetti kukka;;;
purple leopard;lila leopard;lille leopard;;;;;
purple marble;lila marmor;lilla marmor;lilla marmor;violetti marmori;;;
purple tree;lila träd;lilla træ;;violetti puu;;;
purple wavy lines;lila vågiga linjer;lilla bølget linjer;;;;;
quill pen;fjäderpenna;fjerpen;fjærpenn;sulkakynä;;;
quote keep calm and sparkle;citat: keep calm and sparkle;citat: keep calm and sparkle;sitat keep calm and sparkle;lainaus pidä rauhallinen ja kimalteleva;;;
rabbit;kanin;kanin;kanin;kani;;;
rainbow horse;regnbågshäst;regnbue hest;regnbue hest;sateenkaari hevonen;;;
rainbow unicorn;regnbågsenhörning;regnbue enhjørning;;;;;
red butterflies;röda fjärilar;røde sommerfugle;røde sommerfugler;punainen perhosia;;;
red camouflage;röd camouflage;rød camouflage;;;;;
red checkered pattern;rött schackmönster;rødt ternet mønster;;;;;
red flower;röd blomma;rød blomst;rød blomst;punainen kukka;;;
red flowers;röd blommor;rød blomster;rød blomster ;punaiset kukat;;;
red girl;röd tjej;rød pige;rød jente;punainen tyttö;;;
red hair girl;rödhårig tjej;rødhåret pige;rødt hår jente;punaiset hiukset tyttö;;;
red leopard;röd leopard;rød leopad;;;;;
red light;rött ljus;rødt lys;;punainen valo;;;
red lollipop;rödklubba;rød slikkepind;;;;;
red outer layer / black;rött yttre lager / svart;rødt ydre lag / sort;;;;;
red petal;rött blomblad;rødt blad;rød kronblad;punainen terälehti;;;
red rose;röd ros;rød rose;rød rosa;punainen ruusu;;;
red shoe;röd sko;røde sko;;;;;
red strawberry;röd jordgubbe;rødt jordbær;rød jordbær;;;;
red vastness of space;rött universum;rødt univers;rødt uendelig rom;punainen avaruuden laajuus;;;
red wires;röda trådar;røde ledninger;;punaiset johdot;;;
reflection;reflektion;reflektion;;;;;
relaxing seaside view;avslappnande havsutsikt;afslappende havkig;;;;;
retro flower;retroblomma;retro blomst;retroblomst;retro kukka;;;
road;väg;vej;;tie;;;
rose colored stars in space;rosa stjärna i rymden;lyserøde stjernet i rummet;rosefargede stjerner i rommet;ruusu värjätyt tähdet avaruudessa;;;
rose flower;rosa blomma;rose blomst ;rose blomst;ruusu kukka;;;
rose heart;rosa hjärta;rosa hjerte;;;;;
rose high heel;rosa högklack;rosa højhæl;;;;;
rose outer layer / blue;rosa yttre lager / blå;rosa ydre lag / blå;;;;;
rose triangle tile;rosa triangel platta;rosa trekanter flise;;;;;
rose wavy lines;rosa vågig linje;rosa bølget linjer;;;;;
roses;rosor;roser;roser;ruusut;;;
roses & blue butterfly;rosor och blå fjäril;roser & blå sommerfugle;;;;;
roses and blue butterflies;rosor och blå fjäril;roser og blå sommerfugle;roser og sommerfugler;ruusut ja siniset perhoset;;;
roses and butterflies;rosor och fjärilar;roser og roser og sommerfugle;roser og roser og sommerfugl;ruusut ja ruusut ja perhoset;;;
roses and butterfly and flower;rosor, fjäril och blommor;roser og sommerfugl og blomst;roser og sommerfugler og blomster;ruusut ja perhonen ja kukka;;;
roses and colorized butterfly;rosor och färgad fjäril;roser og farvet sommerfugl;roser og fargelagt sommerfugl;ruusut ja värjätty perhonen;;;
roses and cute panda;rosor och söt panda;roser og sød panda;roser og søt panda;ruusut ja suloinen panda;;;
roses and flower pattern;rosor och blomstermönster;roser og blomstermønster;roser og blomstermønster;ruusut ja kukka kuvio;;;
roses and kiss my ass;roser & kiss my ass;roser og kiss my ass;roser og kiss my ass;ruusut ja kiss my ass;;;
roses and owl on the branch;rosor och uggla på en gren;roser og ugle på en gren;roser og ugle på en gren;ruusut ja pöllö oksalla;;;
roses and panda;rosor och panda;roser og panda;roser og panda;ruusut ja panda;;;
roses and tree and owls;rosor, träd och ugglor;roser og træ og ugler;roser og tre med ugle;ruusut ja puu ja pöllöt;;;
roses in black background;rosor på en svart bakgrund;roser på en sort baggrunnd;roser med svart bakgrunn;ruusut mustalla taustalla;;;
running people;springande människor;løbende mennesker;kjører mennesker;juoksevat ihmiset;;;
sad panda;ledsen panda;trist panda;;;;;
sakura;sakura;sakura;sakura;sakura;;;
santa and reindeer;jultomte och renar;julemand og rensdyr;;;;;
scarlet flowers;scharlakansröd blomma;scarlet blomst;skarlagensblomst;tulipunaiset kukat;;;
science fiction;science fiction;science fiction;;tieteiskirjallisuus;;;
sea lion and fur seal;sjölejon med pälssäl;søløver og sælpels;sjøløve og sel;merileijona ja turkishylje;;;
sea lions;sjölejon;søløver;sjøløver;merileijonat;;;
sea star;sjöstjärna;søstjerne;sjøstjerne;meritähti;;;
sea wave;sjövåg;bølge;;;;;
seal;säl;sæl;;;;;
semicircle butterfly;semicirkel fjäril;semicirkel sommerfugl;halvsirkel sommerfugl;puoliympyrä perhonen;;;
sexy view;sexig utsikt;sexet udsigt;sexy utsikt;seksikäs näky;;;
shiny butterfly;skinande fjäril;skinnende sommerfugl;skinnende sommerbugl;kiiltävä perhonen;;;
shiny leopard pattern;glänsande leopard mönster;skinnende leopard mønster;;;;;
shiny pink marble;skinande rosa marmor;skinnende lyserød marmor;skinnende rosa marmor;kiiltävä pinkki marmori;;;
shopping girl;shopping tjej;shopping pige;shoppingjente;shopping tyttö;;;
shy panda;blyg panda;genert panda;sjenert panda;ujo panda;;;
single unicorn;ensam enhörning;enkelt enhjørning;enslig enhjørning;yksi yksisarvinen;;;
skull;kranium;kranium;skalle;pääkallo;;;
skull and flower;dödskalle och blommor;kranium og blomst;skalle og blomster ;kallo ja kukka;;;
skull and rose;dödskalle och rosor;kranium og rose;hodeskalle og rose;;;;
skull lake;dödskallesjö;kranium sø;skull lake;kallojärvi;;;
skull reflection;dödskalle reflektion;kranium reflektion;hodeskalle refleksjon;kallon heijastus;;;
sky blue and white marble tile;himmelsblå och vita marmor plattor;himmelblå og hvidt marmorflise;;;;;
sky blue camouflage;himmelsblå camouflage;himmelblå camouflage;;;;;
sky blue marble tile;himmelsblå marmor plattor;himmelblå marmorflise;;;;;
sky dragon;drakhimmel;drage på himlen;;taivaslohikäärme;;;
sleeping panda;sovande panda;sovende panda;sovende panda;nukkuva panda;;;
small cat;liten katt;lille kat;;;;;
smile;leende;smil;smil;hymy;;;
smile dogs;leende hund;smilende hunde;smil hunder;hymy koirat;;;
smile panda;leende panda;smilende panda;;;;;
smile face;;smiley ansigt;;hymiö;;;
smiling bear;leende björn;smilende bjørn;;hymyilevä karhu;;;
smiling leopard;leende leopard;smilende leopard;smilende leopard;hymyilevä leopardi;;;
smiling panda;leende panda;smilende panda;smilende panda;;;;
smooth black;len svart;glat sort;;;;;
snow leopard;snöleopard;sneleopard;;;;;
snow mountain;snöberg;snebjerg;;lumivuori;;;
snowflake;snösjö;snefnug;;;;;
sock;strumpa;sok;sokk;sukka;;;
sock cat;strumpkatt;sok kat;sokk katt;sukka kissa;;;
soldier looking cool;soldat ser cool ut;soldat ser sej ud;kul soldat;coolilta näyttävä sotilas;;;
spaceman;rymdman;rummand;;avaruusmies;;;
sparkling marble pattern;gnistrande marmormönster;skinnende marmormønster;glittrende marmormønster;säihkyvä marmori kuvio;;;
splashing ink;stänkande bläck;splattet blæk;;;;;
spray rose;rosa spray;spray rose;spray rose;spray nousi;;;
spun sugar;sockersött;skumfidusser;;;;;
squares;fyrkanter;firkanter;ruter;neliöt;;;
squirrels;ekorrar;egern;;;;;
stairs;trappa;trapper;trapp;portaat;;;
starfish;sjöstjärna;søstjerne;sjøstjerne;meritähti;;;
starry;stjärnklart;stjerne;;;;;
starry night;stjärnklar natt;stjernenat;;;;;
starry night oil painting;stjärnenatt oljemålning;stjernenat oliemaleri;;;;;
stars and girl;stjärnor och tjej;stjerner og pige;;tähdet ja tyttö;;;
statice;rispar;statisk;statisk;staattinen;;;
stay beautiful;stay beautiful;stay beautiful;stay vakker;;;;
steel wire;ståltråd;ståltråd;;teräsvaijeri;;;
stone grain;sten ådra;stenkorn;;kivirake;;;
strawberry;jordgubbar;jordbær;jordbær;mansikka;;;
strawberry cake;jordgubbskaka;jordbærkage;jordbærkake;mansikkakakku;;;
string of sunflower;rad av solrosor;solsikke bundt;;;;;
stripes and cat;ränder och katt;striper og kat;striper og katt;raidat ja kissa;;;
sugar skull;sockerskalle;sukkerskalle;sukkerskalle;sokerikallo;;;
summer beauty;sommskönhet;sommerskønhed;summer beauty;kesäkauneus;;;
summer view;sommar utsikt;sommer udsigt;;;;;
sunflowers;solros ;solsikker;solsikker;auringonkukat;;;
sunset;solnedgång;solnedgang;solnedgang;auringonlasku;;;
sweet flower;söt blomma;sød blomst;yndige blomster;makea kukka;;;
swimming penguin;simmande pingvin;svømning penguin;;;;;
swimming bear;;svømning bjørn;;;;;
swirl;virvel;hvirvel;;kiehkura;;;
symmetric pattern;symetriskt mönster;symetrisk mønster;symetrisk mønster;symmetrinen kuvio;;;
tea rose marble;te rose marble;te rose marble;te rosa marmor;tea rose marmori;;;
teal flowers in black background;kricka blomma på svart bakgrund;teal blomster på sort baggrund;sjøgrønn blomst med svart bakgrunn;teal kukat mustalla taustalla;;;
teddy bear;nallebjörn;bamse;;;;;
telescope and boy;teleskop och pojke;teleskop og dreng;teleskop og gutt ;kaukoputki ja poika;;;
teloon;teloon;teloon;;teloon;;;
the union jack;storbritanniens flagga;storbritannien flag;union jack-flagget;the union jack;;;
three pandas climbing branch;tre pandor klättrar på en gren;træ pandaer klatrer en gren;tre pandaer som klatrer på en gren;kolme pandaa kiipeää oksalle;;;
three unicorns;tre enhörningar;tre enhjørninger;tre enhjørning;kolme yksisarvista;;;
thulian pink marble;thulian pink marble;thulian pink marble;thulian rosa marmor;thulian vaaleanpunainen marmori;;;
tiger;tiger;tiger;tiger;tiikeri;;;
tiger face;tiger ansikte;tiger ansigt;tiger ansikt;tiikeri kasvot;;;
time flies;tiden går fort;tiden flyver;tiden flyr;aika lentää;;;
touching face cat;katt som tar sig på ansiktet;kat rører sit ansigt;;;;;
tower;torn;tårn;;;;;
tower and bicycle;torn och cykel;tårn og cykel;tårn og sykkel;torni ja polkupyörä;;;
town;stad;by;by;kaupunki;;;
tree;träd;træ;tre pandaer som klatrer på en gren;puu;;;
tree and couple owls;träd och ett par ugglor;træ og et uglepar;tre og par ugler;puu ja pari pöllöt;;;
couple owls;;uglepar;;pari pöllöjä;;;
tree and owls;träd och ugglor;træ og ugler;tre og ugler;puu ja pöllöt;;;
tree and reindeer;träd och ren;træ og rensdyr;tre og reinsdyr;puu ja poro;;;
tree deer;träd rådjur;træ hjort;;puu hirvi;;;
tree elk;träd älg;træ kronhjort;;puun hirvi;;;
tree with flowers;träd med blommor;træ med blomster;tre med blomster;puu ja kukat;;;
tri-color marble;tre-färgad marmor;tre-farvet marmor;trefarget marmor;kolmevärinen marmori;;;
triangle pattern marble;triangelmönster marmor;triangelmønster marmor;trekantmønster-marmor;kolmiokuvio marmori;;;
triangle shape marble;triangelform marmor;triangle shape marble;marmor i trekantform;kolmion muotoinen marmori;;;
two big eyes;två stora ögon;to store øjne;to store øyne;kaksi isoa silmää;;;
two cats;två katter;to katte;to katter;kaksi kissaa;;;
two dogs;två hundar;to hunde;to hunder;kaksi koiraa;;;
two owls;två ugglor;to ugler;to ugler;kaksi pöllöä;;;
two swinging owls;två gungande ugglor;to syngende ugler;to svingende ugler;kaksi laulavaa pöllöä;;;
two unicorns;två enhörningar;to enhjørninge;to enhjørninger;kaksi yksisarvisista;;;
uk flag;engelska flaggan;engelsk flag;uk flagg;uk lippu;;;
unicorn;enhörning;enhjørning;enhjørning;yksisarvinen;;;
unicorn and clouds;enhörning och himmel;enhjørning og skyer;enhjørning og skyer;yksisarvinen ja pilvet;;;
unicorn and dessert;enhörning och efterrätt;enhjørning og ørken;enhjørning og dessert;yksisarvinen ja jälkiruoka;;;
unicorn and headsets;;enhjørning og headset;;yksisarvinen ja kuulokkeet;;;
unicorn and doughnuts;enhörning och munkar;enhjørning og doughnut;enhjørning og smultringer;yksisarvinen ja donitsit;;;
unicorn and rainbow;enhörning och regnbåge;enhjørning og regnbue;enhjørning og regnbue;yksisarvinen ja sateenkaari;;;
unicorn and star;enhörning och stjärna;enhjørning og stjerne;enhjørning og stjerne;yksisarvinen ja tähti;;;
unicorn and stripes;enhörning och ränder;enhjørning og striber;;;;;
unicorn enjoying music;enhörning lyssnar på musik;enhjørning nyder musik;enhjørning som nyter musikk;yksisarvinen nauttii musiikista;;;
unicorn marble;enhörningsmarmor;enhjørnet marmor;enhjørning marmor;yksisarvinen marmori;;;
unicorn pattern;enhörningsmönster;enhjørningemønster;enhjørningmønster;yksisarvinen kuvio;;;
unicorn wearing glasses;enhörning med glasögon;enhjørning med briller;enhjørning med briller;yksisarvinen lasit päässä;;;
unicorns and cloud;enhörningar och moln;enhjørninger og sky;;;;;
unique pattern;unikt mönster;unikt mønster;;ainutlaatuinen kuvio;;;
usa flag;usa flagga;usa flag;amerikansk flagg;usa lippu;;;
various flowers;olika blommor;forskellige blomster;flere blomster;erilaiset kukat;;;
veiny rose marble;ådrig rosa marmor;veiny rose marble;veiny rose marble;veininen ruusumarmori;;;
vigilant bear;vaksam björn;vaks bjørn;oppmerksom bamse;valpas karhu;;;
vivid butterflies;livliga fjärilar;livlige sommerfugle;fargerike sommerfugler;eloisat perhoset;;;
vivid butterfly;livlig fjäril;livlig sommerfugl;levende sommerfugl;eloisa perhonen;;;
vivid flower;livlig blomma;livlig blomst;fargerik blomst;eloisa kukka;;;
vivid flowers;livliga blommor;livlige blomster;fargerike blomster;eloisat kukat;;;
wanna hug;vill kramas;vil kramme;vil klemme;haluatko halata;;;
water;vatten;vand;;;;;
water drop;vatten droppe;vanddråbe;vanndråpe;vesipisara;;;
watermelon;vattenmelon;vandmelon;vannmelon;vesimeloni;;;
wave;våg;bølge;;;;;
when in doubt go to the library;when in doubt go to the library;when in doubt go to the library;;;;;
white / grey wavy lines;vita / gråa vågiga linjer;hvide / grå bølget linjer;;;;;
white / black marble;;hvid / sort marble;;musta marmori;;;
white / orange marble;;hvid / orange marble;;;;;
white background butterfly;vit bakgrund och fjäril;hvid baggrund sommerfugl;hvit bakgrunn sommerfugl;valkoinen tausta perhonen;;;
white bear eating;isbjörn äter munk;hvid bjørn spiser;;;;;
white bears;vita björnar;hvide bjørne;hvite bamser;valkoiset karhut;;;
white black cats;vit&svart katt;hvide sorte katte;hvite svarte katter;valkoiset musta kissat;;;
white butterflies and flowers;vita fjärilar och blommor;hvide sommerfugler og blomster;hvite sommerfugler og blomster;valkoiset perhoset ja kukat;;;
white cat;vit katt;hvid kat;hvit katt;valkoinen kissa;;;
white cat face;vitt kattansikte;hvidt katte ansigt;;;;;
white christmas items;vita jul saker;hvide juleting;;;;;
white clouds in black background;vita moln på svart bakgrund;hvide skyer på sort baggrund;;;;;
white cute panda;vit söt panda;hvid sød panda;hvit søt panda;valkoinen suloinen panda;;;
white daisy;vit tusensköna;hvid tusindfryd;hvite tusenfrydblomster;valkoinen päivänkakkara;;;
white dandelion;vit maskros;hvid mælkebøtte;hvite løvetannblomster;valkoinen voikukka;;;
white feather;vit fjäder;hvide fjer;hvite fjær;valkoinen sulka;;;
white flowers;vit blommor;hvide blomster;hvite blomster;valkoiset kukat;;;
white leopard;vit leopard;hvid leopard;;;;;
white marble;vit marmor;hvidt marmor;hvit marmor;valkoinen marmori;;;
white marble and glitter;vit marmor och glitter;hvid marmor og glitter;hvit marmor og glitter;valkoinen marmori ja glitter;;;
white panda;vit panda;hvid panda;hvit panda;valkoinen panda;;;
white planet;vit planet;hvid planet;;valkoinen planeetta;;;
white tiger;vit tiger;hvid tiger;;;;;
white tiger and cat;vit tiger och katt;hvid tiger og kat;;;;;
white with black spots pattern ;vitt mönster med svarta fläckar;hvid med sorte pletter mønster;;;;;
wintersweet;wintersweet;vintersødt;wintersweet;wintersweet;;;
wolf;varg;ulv;ulv;susi;;;
wonderland;wonderland;wonderland;eventyrland;ihmemaa;;;
wood grain;träfiber;trækorn;;;;;
wood leaf flower;trälövsblomma;skovblomst blad;;;;;
words in black;ord i svart;ord i sort;svarte ord;sanat mustalla;;;
world domination for cats;världsherravälde för katter;verdensherredømme for katte;verdensdominans for katter;kissojen maalimanvalta;;;
yawning cat;gäspande katt;gabende kat;gjespende katt;haukotteleva kissa;;;
yellow bear;gul björn;gul bjørn;gul bjørn;keltainen karhu;;;
yellow cat;gul katt;gul kat;gul katt;keltainen kissa;;;
yellow chick;gul kyckling;gul kylling;;;;;
yellow fruits;gul frukt;gule frugter;;;;;
yellow pineapple;gul ananas;gul ananas;gul ananas;;;;
yellow wavy lines;gul vågig linje;gle bølget linjer;;;;;
yoga nap;yoga tupplur;yoga lur;;;;;
blue diamonds and stars;blå diamanter och stjärnor;;;siniset timantit ja tähdet;;;
greenish gold triangles and stars;grönaktiga guld trianglar och stjärnor;;;vihertävän kultaiset kolmiot ja tähdet;;;
tri-camouflage pattern;tri-kamouflagemönster;;;tri-naamiointi kuvio;;;
redish blue triangles and stars;rödblå trianglar och stjärnor;;;punertavat siniset kolmiot ja tähdet;;;
pink diamond tile and stars;rosa diamantplatta och stjärnor;;;vaaleanpunainen timantti laatta ja tähdet;;;
teal diamond tile and stars;kricka diamant bricka och stjärnor;;;sinivihreä timanttilaatta ja tähdet;;;
puzzling blue and black diamond;förbryllande blå och svart diamant ;;;hämmentävä sininen ja musta timantti;;;
green and white marble;grön och vit marmor ;;;vihreä ja valkoinen marmori;;;
white and blue notch marble;vit och blå marmor;;;valkoinen ja sininen lovi marmori;;;
triple leopard pattern;trippel leopardmönster;;;kolme leopardikuviota;;;
white and black notch marble;;;;;;;
purple in green and pink marble;;;;;;;
pink diamond shape tiles ;;;;;;;
hexagonal pink and cyan marble;;;;;;;
fox with glasses;;ræv med briller;;;;;
colorized flower;färgad blomma;farvet blomst;fargelagt blomst;väritetty kukka;;;
black mandala flower;;sort mandala blomst;;;;;
three bare bears;;tre bare bjørne;;kolme paljasta karhua;;;
panda football;;;;;;;
panda feeding-bottle;;panda fodringsflaske;;;;;
elephant floral;;elefant blomster;;;;;
panda with blue bowknot;;panda med blå sløjfe;;;;;
panda with red bowknot;;panda med rød sløjfe;;;;;
retro car;;retro bil;;;;;
azalea;;azalea;;;;;
fierce bear;hård björn;hård bjørn;brennbjørn;kovaa karhua;;;
three bears;;tre bjørne;tre bjørner;;;;
three cute bears;;tre søde bjørne;tre søte bjørner;;;;
light pink bear;;;lys rosa bjørn;;;;
pear;;pære;;päärynä;;;
mandala flowers;mandala blommor ;;mandala blomster ;mandala kukat;;;
colorful flowers;;;;värikkäitä kukkia;;;
don't touch my phone;rör inte vid min telefon;rør ikke ved min telefon;ikke rør telefonen min ;älä koske oma puhelin;;;
musical note;;;;nuotti;;;
pineapples;;;;ananakset;;;
multple owls;;mange ugler;;useita pöllöjä;;;
mandala and elephant;mandala och elefant;mandala og elefant;mandala og elefant;mandala ja norsu;;;
flower tree;blommaträd;blomstertræ;blomstertre;kukka puu;;;
dont touch my phone;;;;älä koske oma puhelin;;;
pretty owls;;;;melko pöllöt;;;
triangle;;trekant;;kolmio;;;
house;;hus;;talo;;;
petal;kronblad;;;terälehti;;;
cat and flower tree;katt och blommaträd;;;kissa ja kukka puu;;;
angry bear and that's a warning;panda-gren;;;vihainen karhu ja se on varoitus;;;
panda branch;;;;panda-haara;;;
magic butterflies;eiffeltornet och cykel;magiske sommerfugle;;taika perhosia;;;
eiffel tower and bicycle;;;eiffeltårnet og sykkelen;eiffel-torni ja polkupyörä;;;
starfish on the beach;;søstjerne på stranden;;;;;
thistle purple clouds;;thistle purple clouds;;;;;
lotus flower;;lotus blomst;;;;;
black marble grain;;;;;;;
guitar;;;;;;;
black hole;;;;;;;
color cloud;;;;;;;
blue phoenix;;;;;;;
fish;;;;;;;
gorgeous flowers;;;;;;;
tokyo;;;;;;;
country road;;;;;;;
stars;;;;;;;
jellyfish;;;;;;;
starry sky;stjärnbeströdd himmel;;stjernehimmel;tähtitaivas;;;
wishing;;;;;;;
wishing bottle;;;;;;;
colorful nebula;;;;;;;
cat in shadow;;;;;;;
merry holidays;;;;;;;
white christmas tree;;;;;;;
hand painted christmas tree;;;;;;;
christmas family photo;;;;;;;
moose and snow;;;;;;;
moose and bell;;;;;;;
polar bear with sweater;;;;;;;
colorful christmas tree;;;;;;;
christmas stickers;;;;;;;
hand painted santa;;;;;;;
santa and moose;;;;;;;
santa and gift;;;;;;;
gifts;;;;;;;
happy santa;;;;;;;
christmas moon;;;;;;;
standing santa;;;;;;;
christmas wreath;;;;;;;
holly berries;;;;;;;
thumb-up santa;;;;;;;
dancing santa;;;;;;;
red-nose moose;;;;;;;
moose stickers;;;;;;;
waving;;;;;;;
holly and bell;;;;;;;
brown elk;;;;;;;
girl and snowman;;;;;;;
santa and children;;;;;;;
elk / hobby horse / snowman;;;;;;;
santa / tree / snowman;;;;;;;
happy every day;;;;;;;
happy holiday;;;;;;;
light brown elk;;;;;;;
elk / candy cases / tree;;;;;;;
snowman;;;;;;;
tree and snowman;;;;;;;
snow and snowman;;;;;;;
bear and snowman;;;;;;;
jingle bell;;;;;;;
candy cactus;;;;;;;
trees;;;;;;;
snowman on the tree;;;;;;;
merry christmas;;;;;;;
tree and gift;;;;;;;
elk and tree;;;;;;;
snowman and penguin;;;;;;;
peace and love;;;;;;;
couple snowman;;;;;;;
snowman with cup;;;;;;;
christmas greetings;;;;;;;
smile elk;;;;;;;
tree and santa claus;;;;;;;
christmas decor;;;;;;;
polar bear with scarf;;;;;;;
moose and belt;;;;;;;
moose and bull;;;;;;;
christmas in town;;;;;;;
snowman and birds;;;;;;;
christmas tree setting off fireworks;;;;;;;
cute bunnies;;;;;;;
snowman and snowflakes;;;;;;;
christmas sock;;;;;;;
laughing santa claus;;;;;;;
bunny with present;;;;;;;
birds celebrating christmas;;;;;;;
christmas fox;;;;;;;
presents in socks;;;;;;;
santa claus is coming;;;;;;;
singing birds;;;;;;;
birds on christmas tree;;;;;;;
horse;;;;;;;
snowman knitting sock;;;;;;;
santa and tree;;;;;;;
penguin wants fish;;;;;;;
donkey and birds;;;;;;;
skiing birds;;;;;;;
christmas presents;;;;;;;
santa outfit and socks;;;;;;;
snowman setting off fireworks;;;;;;;
crystal ball ornament;;;;;;;
eagle;;;;;;;
star and planet;;;;;;;
not forever;;;;;;;
not forever, but forever;;;;;;;
pandas faces;;;;;;;
colorful love hearts;;;;;;;
cakes and strawberries;;;;;;;
pink butterfly tree;;;;;;;
panda with various emotions;;;;;;;
lovely dog;;;;;;;
dark blue butterfly;;;;;;;
owls on the street;;;;;;;
flying pigeon marble;;;;;;;
emerald marble;;;;;;;
zentangle flower;;;;;;;
dreamy horizon;;;;;;;
little butterfly and elephant;;;;;;;
black geometry;;;;;;;
rabbits;;;;;;;
lotus and butterfly;;;;;;;
yellow butterfly;;;;;;;
palette;;;;;;;
pink butterfly;;;;;;;
pink geometry;;;;;;;
fairy butterfly;;;;;;;
orange butterfly;;;;;;;
christmas elements;;;;;;;
cat with mask;;;;;;;
snowman and tree;;;;;;;
elk / candy canes;;;;;;;
christmas decoration;;;;;;;
marine organism;;;;;;;
santa / elk / candy canes;;;;;;;
elk / cat / snowman;;;;;;;
gift / snow / elk / tree;;;;;;;
snow and grass;;;;;;;
sock and gift;;;;;;;
red snow;;;;;;;
christmas eve;;;;;;;
snowman and children;;;;;;;
candy cane / elk / tree;;;;;;;
big snowman;;;;;;;
animal kingdom;;;;;;;
pandas and bamboo;;;;;;;
dog and wolf reflection;;;;;;;
black wolf;;;;;;;
wolf and moonlight;;;;;;;
couple and snowman;;;;;;;
flower umbrella;;;;;;;
santas and elk outside the door;;;;;;;
sleeping santa;;;;;;;
brown elk and snow;;;;;;;
flowered girl;;;;;;;
alpacas;;;;;;;
unhappy cat;;;;;;;
tree and cat;;;;;;;
cute seal;;;;;;;
cute corgis;;;;;;;
flower / butterflies;;;blomst / sommerfugler;kukka / perhonen;;;
cosmos;;;;;;;
afterglow;;;;;;;
blue pineapple;;;;;;;
girl / moon;;;;;;;
pink pineapple;;;;;;;
rose butterfly;;;;;;;
rabbit / elephant;;;;;;;
universe;;;;;;;
bright spot;;;;;;;
bead;;;;;;;
multi-color;;;;;;;
elephant colorful swirl;;;;;;;
dreamy tower;;;;;;;
magic butterfly;;;;;;;
comfy panda;;;;;;;
seaside sunset;;;;;;;
castle;;;;;;;
painting pattern;;;;;;;
geometric splicing;;;;;;;
best friends;;;;;;;
panda with gamepad;;;;;;;
pink glittery elements;;;;;;;
black leopard;;;;;;;
beautiful butterfly and flowers;;;;;;;
tiger and butterfly;;;;;;;
rose glittery elements;;;;;;;
cat and butterfly;;;;;;;
special grain;;;;;;;
black and white rats;;;;;;;
leaf;;;blad;;;;
heart and strawberry;;;;;;;
butterfly tree;;;;;;;
sheep;;;;;;;
moose;;;;;;;
snowman;;;;;;;
playful scene;;;;;;;
scarf polar bear;;;;;;;
white moose;;;;;;;
hand painted moose;;;;;;;
peace love joy;;;;;;;
snowman lover;;;;;;;
longly snowman;;;;;;;
pentagram;;;;;;;
candy cane;;;;;;;
red nose moose;;;;;;;
santa in shed;;;;;;;
christmas tree;;;;;;;
girls;;;;;;;
bell;;;;;;;
red butterfly;röd fjäril;rød sommerfugl;rød sommerfugl;punainen perhonen;;;
cartoon cats;;;;;;;
whale;;hval;;;;;
fox;;ræv;;;;;
marbling;;;;;;;
cat sleeping in the socking;;;;;;;
special flower pattern;;;;;;;
black marble;;;svart marmor;;;;
gold black marble;;;;;;;
blood red marble;;;;;;;
pretty butterfly;ganska fjäril;smuk sommerfugl ;ganske sommerfugl;kaunis perhonen;;;
red ice cream;röd glass;rød is;rød iskrem;punainen jäätelö;;;
beautiful sky;;;;;;;
rainbow pattern;;;;;;;
pale color pattern;;;;;;;
swirly rainbow;;;;;;;
wavy rainbow;;;;;;;
rainbow slope;;;;;;;
luminous flower;;;;;;;
flowered girl and butterfly;;;;;;;
gold in white marble;;;;;;;
black on white marble;;;;;;;
pale brown / cyan marble;;;blek brun / cyan marmor;;;;
dog wearing glasses;hund som bär glasögon;;hund som bruker briller;koira silmälaseja;;;
beach;strand;strand;strand;ranta;;;
butterflies pattern;fjärilar mönster;sommerfugle mønster;sommerfugler mønster ;perhosmalli;;;
multiple colors;flera färger;flere farver;flere farger;useita värejä;;;
vivid cat;levande katt;levende kat;levende katt;vivid cat;;;
balloon / tower;ballong / torn;ballon / tårnet ;ballong / tårn;ilmapallo / torni;;;
flowers and butterfly;blommor och fjäril;blomster og sommerfugl ;blomster og sommerfugl;kukkia ja perhosia;;;
color flower and butterflies;färgblomma och fjärilar;farveblomst og sommerfugle;farge blomst og sommerfugler;väri kukka ja perhosia;;;
butterfly and girl;fjäril och flicka;sommerfugl og pige;sommerfugl og jente;väri kukka ja perhosia;;;
rose and greyish blue clouds;;;;;;;
aqueous vibrant pattern;;;;;;;
pale pink and green marble;;;;;;;
blue on golden splash marble;;;;;;;
dreamy purple marble;;;;;;;
orange between the blues;;;;;;;
osmose of rose and green;;;;;;;
golden lush tile;;;;;;;
teal marble tile;;;;;;;
teal;;;blågrønn;;;;
rose / green and blue gradients;;;;;;;
black tile fragments;;;;;;;
elegant roses tile;;;;;;;
earthly marble fragments;;;;;;;
purple / white / grey marble;;;lilla / hvit / grå marmor;;;;
rose / white / grey marble;;;;;;;
flowers marble;;;blomster marmor;kukat marmoria;;;
reindeer and tree;renar och träd ;rensdyr og træ;reinsdyr og tre;poro ja puu;;;
lovers and dog;älskare och hund ;elskere og hund;elskere og hund;rakastajat ja koira;;;
girl;tjej;pige;pike;tyttö;;;
blooming flowers;blomstrande blommor ;blomstrende blomster;blomstrende blomster;kukkivat kukat;;;
macarons;macarons;macarons;macarons;macarons;;;
fresh flower;;frisk blomst;frisk blomst;tuore kukka;;;
white flower;vit blomma;hvid blomst;hvit blomst;valkoinen kukka;;;
cute cat;söt katt;sød kat;søt katt;söpö kissa;;;
metal butterfly;metallfjäril;metal sommerfugl;metall sommerfugl;metalli perhonen;;;
sea;hav;hav;hav;ctte;;;
marble pattern;marmor mönster;marmor mønster;marmor mønster;marmorikuvio;;;
lovely girl;underbar tjej;dejlig pige;nydelig jente;ihana tyttö;;;
unique flower;unik blomma ;unik blomst;unik blomst;ainutlaatuinen kukka;;;
retro uk flag;retro brittisk flagga ;retro britisk flag;retro britisk flagg;retro uk lippu;;;
blue and white butterflies;blå och vita fjärilar ;blå og hvide sommerfugle ;blå og hvite sommerfugler;sinivalkoisia perhosia;;;
fruit;frukt;frugt;frukt;hedelmät;;;
colorful squares;färgglada rutor ;farverige firkanter;fargerike firkanter;värikkäät neliöt;;;
butterfly and beauty;fjäril och skönhet ;sommerfugl og skønhed;sommerfugl og skjønnhet;;;;
cats pattern;kattmönster;katte mønster;katter mønster;kissojen kuvio;;;
formula;formel;formel;formel;kaava;;;
colorful flower and butterflies;;farverig blomst og sommerfugle ;fargerik blomst og sommerfugler;värikäs kukka ja perhosia;;;
live it;lev det ;lev det;lev det;elää sitä;;;
glasses cat;glasögon cat ;briller kat ;briller cat;lasit cat;;;
tree and rainbow;träd och regnbåge ;træ og regnbue;tre og regnbue;puu ja sateenkaari;;;
flying dinosaur;flygande dinosaurie;;flygende dinosaur;;;;
high-heel shoe;högklackad sko;;høyhælte sko ;korkokenkä;;;
fly pigeon;flugduva;;flydue;perhokyyhkynen;;;
cat wearing coat;katt som bär päls;;katt iført frakk;kissa yllään takki;;;
smiling cat;leende katt;;;hymyilevä kissa;;;
abstract pattern;abstrakt mönster;;abstrakt mønster;abstrakti kuvio;;;
adorable cat;bedårande katt;;bedårende katt;suloinen kissa;;;
seawater;havsvatten;;sjøvann;merivesi;;;
girl wearing glasses;flicka som bär glasögon;;jente som bruker briller ;;;;
classic tribe pattern;klassiskt stammönster;;klassisk stammønster;klassinen heimon kuvio;;;
moon and owl;månen och uggla;;måne og ugle ;kuu ja pöllö;;;
panda and bamboo;panda och bambu;;panda og bambus;panda ja bambu;;;
owl pattern;uggelmönster;;ugle mønster ;pöllö kuvio;;;
line shiny spots;linje blanka fläckar ;;;line kiiltävät täplät;;;
colorful owls;färgglada ugglor ;;;värikkäät pöllöt;;;
luminous butterfly;lysande fjäril;;;valoisa perhonen;;;
owl family;uggla familj;;;pöllöperhe;;;
glittery element;glittrande element;;;kimalteleva elementti;;;
beautiful pattern;vackert mönster;;;kaunis kuvio ;;;
yellow flower;gul blomma;;;keltainen kukka;;;
daisy flower;tusensköna ;;;päivänkakkara kukka;;;
red flower and butterfly;röd blomma och fjäril;;;punainen kukka ja perhonen;;;
cat and letters;katt och bokstäver;;;kissa ja kirjeet ;;;
panda heads;;panda hoveder ;;;;;
cute flower;;sød blomst ;søt blomst;;;;
ballon and eiffel tower;;ballon og eiffeltårnet;;;;;
tribal elephant;;;tribal elefant ;;;;
