template;eng;dk;se;no;fi;nl;de;fr
crocodile textured leather case;A quality case for your [DEVICE NAME]. Made out of artificial leather, this case has 3 cards slots and additionally, a cash pocket. It can be folded, allowing the phone to stand on its own. The flap is magnetic for quick and easy closing as well as opening the case on the go. The crocodile texture has been a customer favorite since many years back, and this new and improved design allows for a more comfortable feel.;Et kvalitetsetui til [DEVICE NAME]. Lavet af kunstlæder. Etuiet har 3 pladser til kort, og en lomme til sedler. Den kan foldes og bruges som stander, så telefonen kan stå af sig selv. Klappen er magnetisk, så den kan åbnes og lukkes nemt og hurtigt, også når du er på farten. Krokodille teksturet har, i flere år, været en af kunders favorit. Med dette nye og forbedret design, har det et endnu mere behagelig følelse.;Ett kvalitativt fodral för din [device name]. Den är gjord av konstläder, och har 3 fickor för kort, samt en ficka för sedlar. Den kan vikas upp, så att den står utav sig själv. Flärpen är magnetisk för snabb öppning och stängning. Krokodils-texturen har varit en favorit hos våra kunder sedan långt tillbaka, och den nya och förbättrade designen är betydligt skönare att hålla i.;Kvalitets-etui for [device name]. Dette etuiet av kunstkinn har 3 kortrom og en kontantlomme. Det kan brettes, slik at telefonen kan stå av seg selv. Klaffen er magnetisk, slik at den enkelt kan åpnes og lukkes på farten. Krokodillemønsteret har vært en favoritt hos kunder i årevis, og denne nye og forbedrede designen føles mer behagelig å ta på.;Laadukas [Device Name] -suojakotelo. Keinonahasta valmistetussa kotelossa on kolme korttipaikkaa sekä lisätasku käteistä varten. Kotelo voidaan taittaa näppärään telineasentoon. Magneettisella läpällä kotelon avaus ja sulku onnistuu vaivattomasti. Krokotiilikuvio on ollut asiakkaiden suosiossa jo useiden vuosien ajan, ja tämä paranneltu uutuusversio tekee suojuksen tunnusta entistäkin miellyttävämmän.;Een kwaliteits hoesje voor uw [Device Name]. Gemaakt van kunstleder, heeft dit hoesje 3 vakjes voor pasjes en een extra vakje voor contant geld. Het kan worden gevouwen, zodat de telefoon op zichzelf kan staan. De flap is magnetisch voor snel en gemakkelijk sluiten en openen van de hoes wanneer u onderweg bent. De krokodiltextuur is al vele jaren favoriet bij de klanten, en dit nieuwe en verbeterde ontwerp zorgt voor een comfortabeler gevoel.;Eine qualitativ hochwertige Hülle für dein [Device Name]. Wurde aus künstlichen Leder hergestellt, diese Hülle hat 3 Kartenlöcher und zusätzich, eine Bargeldtasche. Sie kann gefaltet werden, dies erlaubt den Handy alleine zu stehen. Die Klappe ist magnetisch für ein schnelle und einfaches schließen genauso wie das schnelle Öfnnen unterwegs. Die Krokodil Textur, ist ein Kundenliebling seit mehreren Jahren und dieses neue verbesserte Design, gibt ein angenehmeres Gefühl.;
card holder cover;This cover is made of a high quality plastic, making it soft and durable. It's a slim and light case for it's style - the card holder offers space for a single card to be equipped and used of the fly. Perfect for travelers, and those of you that need to be able to quickly swipe your creditcard! The case is designed to fit [DEVICE NAME] snugly, and has encased side buttons to protect the phone from dust and other external grime.;Dette cover er lavet af høj kvalitets plastik, som gør det blødt og holdbart. Når man tænker på stilen, så er det et meget tyndt og let cover. Coveret har plads til et enkelt kreditkort og kan bruges på farten. Perfekt til rejsende og alle jer der skal swipe kortet hurtigt. Coveret er designet til at have en perfekt pasform til [DEVICE NAME], så det holder til tæt og knapperne er indkapslet, så telefonen er beskyttet mod støv og snavs.;Detta skal är gjort av en högkvalitativ plast, som gör den mjuk och hållbar. Det är ett smidigt och lätt skal för sin stil - du kan ha ett kort i hållaren på baksidan, för att kunna få fram det snabbt och enkelt. Perfekt till den som reser mycket och behöver ha sitt resekort tillgängligt, eller för den som behöver få fram kreditkortet snabbt! Den är designad för att passa [device name] perfekt, och har inneslutningar för knapparna för att skydda mot smuts och dylikt.;Dette dekselet er laget av kvalitetsplast, noe som gjør det mykt og slitesterkt. Det er et slankt og lett deksel for stilen å være - kortholderen har plass til ett enkelt kort og er lett å bruke på farten. Perfekt for de som reiser som har bruk for å raskt kunne sveipe kortet! Dekselet er designet for å kunne passe perfekt til [device name], og har innkapslede sideknapper for å beskytte telefonen mot støv og annet som kan komme utenfra.;Laadukkaasta muovista tehty suojakuori on pehmeä ja kestävä. Tyyliltään se on kevyt ja ohut, ja korttitaskuun voi laittaa kaikkein tärkeimmän maksukortin, jotta se on aina näppärästi saatavilla. Täydellinen matkustaville ja muille, joilla voi ilmetä tarvetta luottokortin nopealle käytölle! Kuori on suunniteltu sopimaan juuri [Device Name] -puhelimille. Kuoreen kuuluu myös sivunäppäimet, joilla suojaat puhelinta pölyltä ja muulta ulkoiselta lialta.;Deze hoes is gemaakt van een hoogwaardige kunststof, waardoor hij zacht en duurzaam is. Het is een slanke en lichte hoes voor zijn stijl - de kaarthouder biedt ruimte voor één enkele kaart. Perfect voor reizigers, en voor degenen onder u die snel toegang tot hun creditcard nodig hebben! Het hoesje is zo ontworpen dat het goed om [Device Name] past, en heeft ingekapselde zijknoppen om de telefoon te beschermen tegen stof en ander extern vuil.;Diese Abdeckung ist aus einem qualitativen hochwertigen Plastik hergestellt, es macht es weich und haltbar. Sie ist eine dünne und leicht Hülle für ihren Stil- die Kartenhalter, bietet Platz für eine einzige Karte, und kann schnell verwendet werden.Perfekt für reisende, und für diejenigen von euch die schnell eure Kreditkarte brauchen! Diese Hülle wurde erstellt für [Device Name] gemütlich, und hat eine eingehüllte Knopfseite, um das hand von Staub und anderern äußerlichen Schmutz zu schützen.;
shockproof protection cover;This cover offers 3 different levels of protection for your phone. It's made from plastic and acrylic material, which is shock-proof and durable. It has a raised rim around the camera to protect the lens, for when you e.g. place it on the table with the screen side up, the camera will not touch the table and risk becoming scratched. Additionally, the cut-outs are precise for [DEVICE NAME], to ensure it simply works smoothly for your every day use.;Coveret har 3 lags beskyttelse. Det er lavet af plastik og akrylmateriale, hvilket gør det stødsikkert og holdbart. Omkring kameraet er der en hævet kant, så linsen er ekstra beskyttet. Ligger du telefonen med bagsiden nedad, har linsen ikke direkte kontakt med bordet, men hviler på kanten. Kameraet er derfor beskyttet imod ridser. Derudover er alle udskæringerne lavet præcist til [DEVICE NAME], det virker simpelthen problemfrit til dagligt brug.;Detta skal erbjuder 3 nivåer av skydd för din telefon. Det är gjort av både plast och akryl, vilket är stötabsorberande och hållbart. Den har en förhöjning runt om kamera-utskärningen för att skydda linsen, för när du t.ex. lägger telefonen på bordet med skärmen uppåt, så skrapar kameran inte emot bordet! Den är specialgjord till [device name] för en utmärkt passform.;Dette dekselet gir 3 forskjellige beskyttelsesnivåer for telefonen din. Det er laget av plast og akryl, som er støtsikkert og holdbart. Det har en hevet kant rundt kameraet for å beskytte linsen, til når du f.eks. setter telefonen på bordet med skjermen opp. Kameraet kommer ikke i kontakt med bordet og får dermed ikke riper. Og utskjæringene passer nøyaktig til [device name], slik at den vil fungere godt til din daglige bruk.;Kuori tarjoaa puhelimellesi 3 eri suojan tasoa. Se on tehty muovista ja iskunkestävästä akryylimateriaalista. Kameraa ympäröi kohotettu reuna, joka suojaa linssin pintaa esimerkiksi plydälle laskiessa, sillä kamera ei tällöin osu pöytään ja mahdollisesti naarmuunnu. Kuori on muotoiltu juuri [Device Name] -puhelimille sopiviksi, ja sopii erinomaisesti myös päivittäiseen käyttöön.;Deze hoes biedt 3 verschillende niveaus van bescherming voor uw telefoon. Het is gemaakt van plastic en acryl materiaal, dat schokbestendig en duurzaam is. Het heeft een verhoogde rand rond de camera om de lens te beschermen, zodanig u het toestel bijvoorbeeld op tafel legt met de schermkant naar boven, de camera de tafel niet raakt en het risico loopt bekrast te raken. Bovendien zijn de uitsparingen nauwkeurig voor [Device Name], zodat hij gewoon soepel werkt voor uw dagelijks gebruik.;Diese Abdeckung bietet 3 verschiedene Stufen an Schutz für dein Handy. Sie wurde aus Plastik und Acrylmaterial hergestellt, die stoßfefst und haltbar sind. Sie wurde um die Kamera gemacht, um die Linse zu schützen, wenn du sie auf dem Tisch mit der Kamera legst, die Kamera wird nicht den Tisch berührern und riskierst keine Kratzer. Zusätzlich dazu, sind die Öffnungen für [Device Name] gemacht, um sicherzustellen, dass es perfekt für das tägliche nutzen ist.;
modern-styled leather wallet case;This modern design offers 2 card slots in a pocket on the outside for quick and easy access, and an additional 3 slots inside, as well as a cash pocket. It can be folded, allowing the phone to stand on its own. Furthermore, the small magnetic lock does not wrap around on the back and is easily flipped open with your thumb (or finger of choice), giving this a less bulky look, while not compromising a good seal to keep the case closed when not used. It's molded to perfectly fit your [DEVICE NAME]. Additionally, it has a receiver cutout, allowing you to talk even if the case is closed.;Dette moderne design giver dig 2 pladser til kreditkort, i en lomme udenpå etuiet, så du hurtigt og nemt kan få adgang til dine mest brugte kort. Derudover er der 3 pladser indeni, samt en lomme til kontanter. Etuiet kan foldes, så det kan bruges som stander. Dertil vikles låses ikke rundt på bagsiden, og kan nemt åbnes med en enkelt finger. Det gør at etuiet ikke ser så stort ud, uden at det ikke går på kompromis med kvaliteten af låsen. Det er lavet specielt til [DEVICE NAME], så det har en perfekt pasform. Etuiet har også en særligt udskæring, så du kan tale i telefon, selvom etuiet er lukket.;Denna moderna designen har plats för 2 kort i fickan på utsidan, för snabbåtkomst till de kort du använder mest, samt så har den ytterligare 3 kortfickor på insidan, samt en liten gömma för sedlar. Den kan vikas upp, så att telefonen står av sig själv. Den magnetiska stängningen på sidan går inte runt som på traditionella modeller, så det är enkelt att öppna den i handen med tummen (eller vilket finger du än föredrar!), och det ger den dessutom ett smidigare utseende utan att kompromissa en fullgod förslutning som håller den stängd när du inte använder fodralet.;Dette produktet har en moderne design med to kortspor i en lomme på utsiden for rask og enkel tilgang, og ytterligere 3 spor på innsiden, samt en kontantlomme. Det kan brettes ut, slik at telefonen kan stå av seg selv. I tillegg ligger den lille magnetlåsen på fordekselet, som lett kan vippes opp med tommelen (eller en finger), noe som gir etuiet et slankere utseende, samtidig som at det likevel forsegler veldig godt. Det er støpt for å passe perfekt til [device name]. I tillegg har det en utskjæring for headsett, slik at du kan snakke, selv om etuiet er lukket.;Nykyaikaisen lompakkokotelon ulkosivulla on 2 korttipaikkaa nopeaan käyttöön, sekä 3 lisäpaikkaa ja käteistäsku läpän sisäpuolella. Kotelo voidaan taittaa telineeksi, jolloin puhelin pysyy pystyssä itse. Magneettinen kiinnike ei kierry puhelimen taakse asti, minkä ansiosta kannen saa auki kätevästi peukalolla (tai millä tahansa muulla sormella). Näin kotelo ei näytä liian paksulta, mutta läppä pysyy silti vankasti kiinni, kun puhelinta ei käytetä. Kotelo on muotoiltu juuri [Device Name] -puhelimille sopivaksi, ja yläosan reikien ansiosta puhelimessa voi puhua myös läppää avaamatta.;Dit moderne ontwerp biedt 2 kaartsleuven in een vak aan de buitenkant voor snelle en gemakkelijke toegang, en nog eens 3 sleuven aan de binnenkant, evenals een vakje voor contant geld. Hij kan worden omgevouwen, zodat de telefoon op zichzelf kan staan. Bovendien zit het kleine magnetische slotje niet aan de achterkant en kan het gemakkelijk met uw duim (of vinger naar keuze) worden opengeklapt, waardoor het er minder volumineus uitziet, zonder dat dit ten koste gaat van een goede afdichting om de hoes gesloten te houden wanneer deze niet wordt gebruikt. Het is zo gevormd dat hij perfect om uw [Device Name] past. Bovendien heeft het een uitsparing voor de ontvanger, zodat u kunt praten, zelfs als het hoesje gesloten is.;Dieses moderne Design, bietet 2 Kartenschlitze in einer Tasche außen an für einen schnellen und einfachen Zugang, und zusätzlich 3 Schlitze auf der Innenseite, genauso wie ein Bargeldschlitz. Sie kann gefaltet werden, was dem Handy erlaube alleine zu stehen. Desweiteren, klebt der kleine magnetische Punkt nicht um die Rückseite und ist einfach aufzuklappen mit deinem Daumen ( oder einen Finger deiner Wahl), dies gibt einen weniger großen Look, während es kein Kompromiss mit einem guten Verschluss gibt, um die Hülle geschlossen zu halten, wenn sie nicht verwendet wird. Es ist perfekt für dein [Device Name]. Zusätzlich dazu, hat sie eine Receiver Öffnung, dies erlaubt es dir zu sprechen, selbst wenn sie geschlossen ist;
wallet-style leather case;An easy to use wallet case for [DEVICE NAME], perfect for those that wish to have something simple and functional for your phone. It has slots for 3 cards - and it's foldable, allowing the phone to stand on its own. The magnetic flap ensures the case keeps closed. Made out of durable TPU leather, for long-lived protection.;Et meget brugervenligt etui til [DEVICE NAME]. Perfekt til dem der ønsker noget simpelt og funktionelt til deres telefon. Med pladser til 3 kreditkort. Foldbart så det kan stå af sig selv. Den magnetiske flip gør at etuiet forbliver lukket. Lavet af holdbart TPU læder for langvarig beskyttelse.;Detta fodral till [device name] är enkelt att använda, perfekt till dig som önskar något enkelt och funktionellt för din telefon. Den har plats för 3 kort - och är vikbar, så att den kan stå av sig själv. Den magnetiska flärpen håller fodralet ordentligt stängt. Det är gjord av ett hållbart konstläder, för långlivad hållbarhet.;Et brukervennlig lommebokdeksel til [device name] som er perfekt for de som ønsker å ha noe enkelt og funksjonelt til telefonen sin. Det har spor for 3 kort - og det kan brettes utover slik at telefonen kan stå av seg selv. Magnetklaffen sørger for at dekselet holdes lukket. Produktet er laget av slitesterkt TPU-skinn for å gi lang levetid.;Helppokäyttöinen [Device Name] lompakkokotelo heille, jotka kaipaavat puhelimen suojaksi jotain simppeliä ja kätevää. Kotelosta löytyy 3 korttipaikkaa ja se voidaan taittaa telineasentoon, jolloin puhelin pysyy pystyssä itse. Magneettiläppä pitää kotelon kiinni, kun puhelinta ei ole käytössä. Valmistettu kestävästä TPU-nahasta, joka turvaa puhelinta koko pitkän käyttöiän ajan.;Een eenvoudig te gebruiken portemonnee hoesje voor [Device Name], perfect voor wie iets eenvoudigs en functioneels voor zijn telefoon wil hebben. Het heeft sleuven voor 3 kaarten - en het is opvouwbaar, zodat de telefoon op zichzelf kan staan. De magnetische flap zorgt ervoor dat de hoes gesloten blijft. Gemaakt van duurzaam TPU leder, voor een langdurige bescherming.;Eine einfach zu nutzende Geldbörsehülle für [Device Name], perfekt für die wo etwas einfaches und funktionsfähiges für euer Handy wollen. Es hat Schlitze für 3 Karten - und es ist faltbar, es erlaubt dem handy alleine zu stehen. Der magnetische Punkt versicher, dass die Hülle geschlossen bleibt. Es ist aus haltbaren TPU Leder hergestellt, für ein lebenslangen Schutz.;
leather case with a stylish rhombus imprint;A wallet-style case made out of artificial leather, for your [DEVICE NAME]. It contains slots for 2 cards, an additional slot for cash, and can be folded - allowing the phone to stand on its own. A magnetic strip is attached on the side, allowing the cover to close and stay shut without having a bulky flap. The rhombus imprint fits well for all ages, offering both great protection, as well as being a fashionable choice for your phone.;Et etui med pung lavet af kunstlæder til [DEVICE NAME]. Det indeholder 2 pladser til kort, samt et ekstra plads til kontanter. Etuiet kan foldes, så din telefon kan stå af sig selv. Med en magnetisk strimmel på siden, så etuiet forbliver lukket. Designet med romber passer godt til alle aldre. Etuiet giver god beskyttelse, og er et moderigt valg til din smartphone.;Ett plånboksfodral av konstgjort läder, för din [device name]. Den har två kortfickor, en ficka för sedlar och kan dessutom vikas upp, så att telefonen står av sig själv. Det finns en magnetisk remsa på sidan, som håller fodralet stängt utan en klumpig flärp. Romb-prägeln är tidslös, och passar till alla åldrar. Detta fodralet erbjuder bra skydd, samt som det är ett stilfullt val till din telefon!;Dette er et etui i lommebokstil laget av kunstskinn, til din [device name]. Det inneholder spor for 2 kort og et ekstraspor for kontanter. Det kan også brettes, slik at telefonen kan stå alene. En magnetstripe er festet på siden, slik at dekselet kan lukkes og holder seg lukket uten å ha noen klaff som buler ut. Kubeavtrykket passer bra for alle aldre, og gir god beskyttelse, i tillegg til å være et fasjonabelt valg for telefonen din.;Keinotekoisesta nahkasta valmistettu kotelo [Device Name] -puhelimelle. Sisältää 2 korttipaikkaa sekä lisätaskun käteiselle. Voidaan taittaa telineasentoon, jolloin puhelin pysyy pystyssä itse. Kotelon reunaan on laitettu magneettinauhaa, joka pitää kannen kiinni ilman erillistä kiinnikettä. Kuutiokuviointi sopii upeasti kaikenikäisille käyttäjille, tarjoten tehokkaan suojan ja tyylikkään asustelisän.;Een portemonnee-stijl hoesje gemaakt van kunstleer, voor uw [Device Name]. Het bevat sleuven voor 2 kaarten, een extra sleuf voor contant geld, en kan worden gevouwen - waardoor de telefoon op zichzelf kan staan. Aan de zijkant is een magneetstrip bevestigd, zodat het hoesje dicht kan, en dicht blijft, zonder een lompe flap. De ruitvormige opdruk is geschikt voor alle leeftijden en biedt zowel goede bescherming als een modieuze keuze voor uw telefoon.;Ein Geldbeutel ähnlichen Stil, hergestellt aus künstlichen leder, für dein [Device Name]. Sie enthält 2 Kartenschlitze, einen zusätzlich für Bargeld, und kann gefaltet werden- es erlaubt dem Handy selbstständig zu stehen. Ein magnetischer Streifen wurde auf der Seite hinzugefügt, dies erlaubt es der Hülle geschlossen zu bleiben und hat keinen großes Äußeres. Der rhombus Druck passt für jedes alter, es bietet einen guten Schutz und ist eine gut Fashion Wahl für dein Handy.;
shockproof hybrid cover with kickstand;This cover offers great protection as well as an interesting design for your [DEVICE NAME]. It's made out of two different plastic materials, both of which is known for being shock/impact proof. It has an smooth design hiding a kickstand, that you can fold out to make your phone stand on its own. If that wasn't great enough, the kickstand also made out of metal, so that you can attach it to your magnetic car holder. (Car holder not included.) Additionally, it has a thin rim both on the front, and the back, so that you can safely place your phone on a table with either side up, without the risk of scratching it.;Det cover giver en god beskyttelse, og et interessant design til [DEVICE NAME]. Det er lavet af to forskellige slags plastik, begge er kendt for at være stødsikkert. Coveret har også en stander, så din smartphone kan stå af sig selv. Designet gør at standeren er godt skjult. Standeren er lavet af metal, så den også kan fastgøres til din magnetisk bilholder (Bilholder er ikke inkluderet). Derudover har den også en tynd, hævet kant, på både for- og bagside, så du kan ligge den på bordet, uden at risikere at ridse den – Det er lavet så kameraet er beskyttet ekstra godt.;"Detta skal erbjuder bra skydd, såsom en intressant design till din [device name]. Den är gjord av två olika plastmaterial, varav båda är kända för att vara stötabsorberande. Den har en snygg, slät design som gömmer ett ""kickstand"" - ett stöd som sitter på backsidan och går att fälla ut, så att du kan ställa upp telefonen. Den är även gjord av metall, och det finns en metallskiva på baksidan, så att du kan lätt sätta fast denna på en magnetisk bilhållare. (Bilhållaren säljes separat.) Utöver detta, så har den även en liten upphöjning på framsidan, samt baksidan runt kameran, så att du kan säkert lägga telefonen på bordet utan att riskera repor på varken kamera eller skärm. ";Dette dekselet gir god beskyttelse og en interessant design for din [device name]. Det er laget av to ulike plastmaterialer, som begge er kjent for å være støtsikre. Det har et glatt ytre som skjuler et stativ, som du kan brette ut for å få telefonen til å stå av seg selv. Og om ikke dette var nok, er stativet også laget av metall, slik at du kan feste enheten til en magnetisk holder til bil. (Holder til bil er ikke inkludert.) I tillegg har den en tynn kant både foran og bak, slik at du trygt kan sette telefonen på et bord med hver av sidene opp uten å risikere å få skrammer på den.;Kotelo tarjoaa tehokkaan suojan sekä kiinnostavan ulkoasun [Device Name] -puhelimellesi. Kuori on valmistettu kahdesta eri muovimateriaalista, jotka kumpikin tunnetaan iskunkestävyydestään. Sisältää telineen, jonka avulla puhelin pysyy itse pystyssä. Jalka on valmistettu metallista, minkä ansiosta sen voi kiinnittää magneettiseen autonpidikkeeseen (ei sisälly pakkaukseen). Ohuet reunat niin edessä kuin takanakin, jotta puhelimen voi asettaa pöydälle kumpi tahansa puoli alaspäin ilman naarmujen riskiä.;Deze hoes biedt een goede bescherming en een interessant ontwerp voor uw [Device Name]. Het is gemaakt van twee verschillende plastic materialen, die beide bekend staan als schok- en stootbestendig. Het heeft een glad ontwerp dat een kickstand verbergt, die u kunt uitklappen om uw telefoon op zichzelf te laten staan. Alsof dat nog niet geweldig genoeg is, is de kickstand ook van metaal, zodat u hem aan uw magnetische autohouder kunt bevestigen. (Autohouder niet inbegrepen.) Bovendien heeft hij een dunne rand aan de voor- en achterkant, zodat je je telefoon veilig op een tafel kunt leggen met beide kanten omhoog, zonder het risico te lopen dat er krassen op komen.;Diese Abdeckung bietet einen guten Schutz, genauso ein interessantes Design für dein [Device Name]. Es wurde aus zwei verschiedenen Plastik Materialien hergestellt, wo beide bekannt für seine stoß/ Einflussschutz sind. Es hat ein glattes Design, welches ein Kickstand versteckt, den du herausfalten kannst, um dein Handy alleine stehen zu lassen. Wenn das noch nicht genug ist, der Kickstart ist auch aus Metall hergestellt, sodass du es zu deinem magnetischen Autohalter festmachen kannst. (Der Autohalter ist nicht dabei=. Zusätzlich, hat es auf der vorder und Rückseiter einen dünnen Rand, sodass du dein handy sicher auf einen Tisch platzieren kannst, entweder mit der Vorderseite nach oben, ohne dem Risiko Kratzer zu bekommen.;
10-slot wallet case;This spacy wallet case is made of a soft artificial leather, and offers a whole 10 slots for cards, and an additional slot for cash! Aside from its spacy interior and great protection for your [DEVICE NAME], it also has a two-sided magnetic strap, securing the wallet. It can be folded, allowing the case to stand on its own for easy viewing. Perfect for those who wish to not carry the phone, a cover and a wallet - have it all in one!;Dette etui har masser af plads. Etuiet er lavet af kunstlæder, og har plads til hele 10 kreditkort plus en ekstra lomme til kontanter. Udover det meget plads og den gode beskyttelse til [DEVICE NAME], har det også en tosidet magnetstrop der sikrer pungen. Etuiet kan også foldes, så det kan bruges som stander. Et perfekt valg til dem ønsker pung og etui samlet i én.;Detta är ett rymligt fodral, gjort av ett mjukt konstläder. Det finns plats för hela 10 kort, och har en ficka för sedlar! Utöver dess rymlighet, så erbjuder den även mycket bra skydd för din [device name]. Den har en två-sidig magnetic förslutning, som håller allt på plats. Den kan även vikas, så att telefonen står av sig själv. Perfekt till dig som inte vill bära med dig både telefon, plånbok och ett skydd - utan ha allt i ett!;Dette romslige lommebok-etuiet er laget av mykt kunstskinn, og har hele 10 spor for kort og et ekstraspor for kontanter! Bortsett fra at det har god plass og gir god beskyttelse for din [device name], har det også en tosidig magnetstropp som lukker etuiet. Det kan brettes ut slik at det kan stå av seg selv og du lett ser skjermen. Perfekt for de som ikke ønsker å holde telefonen, og som vil ha et etui og en lommebok i ett!;Tilava, keinonahkasta valmistettu lompakkokotelo tarjoaa 10 korttipaikkaa sekä lisätaskun käteiselle. [Device Name] -kotelo tarjoaa vankan suojan laitteelle kaksipuolisen magneettiläpän ansiosta. Voidaan taittaa telineeksi näppärän katselukokemuksen saamiseksi. Täydellinen heille, jotka eivät jaksaa puhelinta, koteloa ja lompakkoa erikseen, vaan haluavat kaiken yhdessä paketissa!;Dit ruimtelijk portemonnee hoesje is gemaakt van een zacht kunstleer, en biedt maar liefst 10 vakjes voor pasjes, en een extra vakje voor contant geld! Naast het ruimtelijk interieur en de goede bescherming voor uw [Device Name], heeft het ook een tweezijdige magnetische band, waarmee de portemonnee wordt vastgezet. Het kan worden gevouwen, zodat de case op zichzelf kan staan om gemakkelijk te bekijken. Perfect voor wie de telefoon, een hoesje en een portemonnee niet bij zich wil hebben - alles in één!;Diese geräumige Geldhülle, wurde aus weichem künstlichen Leder hergestellt und bietet 10 Schlitze für Karten und zusätzlichen Schlitz für Bargeld! Außer dem räumigen innen und guten Schutz für dein [Device Name], hat es auch ein zweiseitigen magnetischen Streifen, die es sichern. Es kann gefaltet werden, was der Hülle erlaubt alleine zu stehen, für ein einfachen Blick. Perfekt für die, die ihr Hany nicht tragen wollen, eine Hülle und Geldbeutel- alles in einem!;
touch sensitive tempered glass;Real glass - real protection. A highly touch-sensitive, scratch resistant glass for your [DEVICE NAME], with a perfect fit all the way out to the edges of the screen for maximum protection. It's oleophobic, meaning it repels dust, water and other grime, as well as the natural oils your skin produces. Easy to attach, and even easier to use! Designed to be used with most standard covers and cases.Package included:1 x Oleophobic touch sensitive tempered glass1 x Wipes Set;Rigtig glas – Rigtig beskyttelse. Et meget berøringsfølsomt glas, der er meget modstandsdygtig mod ridser til din [DEVICE NAME]. Med perfekt pasform, når glasset helt ud til skærmens kanter til maksimalt beskyttelse. Det er oleofobisk, hvilket betyder at det frastøder støv, vand, de naturlige olier som din hud producerer og andet snavs. Let at montere og endnu lettere at bruge! Designet til at blive brugt sammen med de mest standard covers og etuier. Pakken indeholder: 1x Oleofobisk berøringsfølsomt hærdet glas. 1 sæt med klud og servietter.;Riktigt glas - riktigt skydd. Ett beröringskänsligt och reptåligt glas till din [device name], med perfekt passform hela vägen ut till kanterna på skärmen för maximalt skydd. Det är oleofobt, vilket innebär att det stöter bort damm, vatten och annan smuts, liksom de naturliga oljor som din hud producerar. Lätt att fästa och ännu enklare att använda! I paketet ingår det oleofobiska glaset, samt rengöringstrasor.;Ekte glass - ekte beskyttelse. Et svært berøringsfølsomt, ripebestandig glass for din [device name], med en perfekt passform helt ut til skjermkantene for maksimal beskyttelse. Det er avvisende mot støv, vann og annet smuss, så vel som de naturlige fettstoffene som huden din utskiller. Det er enkelt å montere, og enda enklere å bruke! Det er designet for bruk med de fleste vanlige deksler og etuier. Pakken inkluderer: 1 x støv-, vann- og fettavvisende berøringsfølsomt herdet glass1 x tørkesett;Aito lasi, aito suojaus. Erittäin kosketusherkkä ja naarmuilta suojattu [Device Name] -lasi istuu täydellisesti näytön kulmia myöten maksimaalisen turvan tarjotakseen. Pölyä, vettä ja likaa, kuten ihon rasvoja hylkivä. Helppo kiinnittää, vieläkin helpompi käyttää! Suunniteltu käyettäväksi useimpien suojakuorten ja -koteloiden kanssa.Pakkaukseen kuuluu:1 x Pölyä, vettä ja likaa hylkivä, temperoitu suojalasi1 x Puhdistusliinasetti;Echt glas - echte bescherming. Een zeer aanraakgevoelig, krasbestendig glas voor uw [Device Name], met een perfecte pasvorm helemaal tot aan de randen van het scherm voor maximale bescherming. Het is oleofoob, wat betekent dat het stof, water en ander vuil afstoot, maar ook de natuurlijke oliën die uw huid produceert. Gemakkelijk te bevestigen, en nog gemakkelijker te gebruiken! Ontworpen voor gebruik met de meeste standaard covers en hoesjes.Inbegrepen in de verpakking:1 x Oleophobic aanraakgevoelig gehard glas1 x Set schoonmaakdoekjes;Echtes Glas- echter Schutz. Ein hoch empfindliches Berührung, kratz sicheres Glas für dein [Device Name], mit einem perfekten Halt für den Weg von den Ecken des Bildschirmes für einen Maximalen Schutz- Es ist oleophob, das bedeutet es weist Staub, Wasser und anderes ab, genauso wie die natürlichen Öle deine Haut. Es ist einfach anzubringen, und noch einfacher zu verwenden! Es wurde hergestellt, um mit den Standard Hüllen verwendet zu werden. Die Packung enhtält: 1x Oleophob empfindliches Berührungsglas 1x Tuchset;
wallet-style genuine leather flipcase;This wallet case is made out of genuine leather, tempered to reduce the effects of wear and tear. It has 2 card slots, and an additional pocket for cash. The magnetic strip allows the case to remain closed. It can be folded, allowing the case to stand on its own for easy viewing. A timeless design, offering great protection as well as something fashionable for your [DEVICE NAME].;Dette etui er lavet af ægte læder. Hærdet så slidtagen er mindre. Du får to pladser til kreditkort, og en ekstra lomme til kontanter. Med en magnetstrimmel, det gør at etuiet forbliver lukket. Mobiletuiet kan foldes, så telefonen kan stå af sig selv. Tidsløst design, der giver god beskyttelse og et moderigtigt valg til din [DEVICE NAME].;Detta plånboksfodral är gjort av äkta läder, behandlat för att minska effekterna av slitage. Den har 2 kortplatser och en extra ficka för sedlar. Den magnetiska flärpen gör att fodralet enkelt och effektivt håller sig stängt. Det kan vikas så att telefonen kan stå av sig själv. En tidlös design som ger ett utmärkt skydd och är ett stilfullt val för din [device name].;Denne lommebok-vesken er laget av ekte skinn, som er herdet for å redusere slitasje. Den har to kortspor og en ekstra lomme for kontanter. Magnetsøylen gjør at vesken blir helt lukket. Den kan brettes ut, slik at vesken kan stå av seg selv og det blir lett å se på skjermen. Den har en tidløs design som gir god beskyttelse og et fasjonabelt utseende for [device name].;Aidosta nahkasta valmistettu suojakotelo, joka on temperoitu kulumien ja naarmujen minimoimiseksi. Kaksi korttipaikkaa ja lisätasku käteistä varten. Magneetti pitää läpän suljettuna. Voidaan taittaa telineeksi näppärän katselukokemuksen saamiseksi. Ajattoman tyylikäs suojakotelo turvaa puhelinta tehokkaasti sekä tuo tavan muovata [Device Name] muodikkaaksi asusteeksi.;Deze portefeuille is gemaakt van echt leder, getemperd om de gevolgen van slijtage te verminderen. Hij heeft 2 kaartsleuven, en een extra vak voor contant geld. Dankzij de magneetstrip kan de etui gesloten blijven. Hij kan worden omgevouwen, zodat de etui rechtop kan staan en gemakkelijk kan worden bekeken. Een tijdloos ontwerp, dat niet alleen een goede bescherming biedt, maar ook iets modieus voor uw [Device Name].;Diese Geldbeutelhülle, wurde aus echtem Leder hergestellt, temperiert um die Effekte des Tragens und Tränen zu reduzieren. Es hat 2 Kartenschlitze und eine zusätzliche Tasche für Bargeld. Der magnetische Streifen, erlaubt es der Hülle geschlossen zu bleiben. Es kann gefaltet werden, dies erlaubt es der Hülle alleine zu stehen, für einen besseren Blick. Ein zeitloses Desing, bietet einen guten Schutz genauso wie etwas modernes für dein [Device Name].;
