sku;name;description;url_key;store_view_code
LC18-68-5007-1;lenovo tab p11 beautiful design tre-fold læder Etui - Lilla blomst;"Tri-Fold Stand Design Leather Tablet Cover Shell with Pattern Printing for Lenovo Tab P11 TB-J606F - Purple Flower

    Stylish pattern, dresses your device with a characteristic outwear

    Tri-fold cover offers sturdy and versatile stand for viewing and typing

    Controls are easily accessible

    Protect device from scratches and impact

    Automatic screen on / off function

Compatible with:

    Lenovo Tab P11

Package included:

    1 x Pattern Printing Tri-fold Stand Leather Case
    Accessory only, device not included
";lenovo-tab-p11-beautiful-design-tre-fold-laeder-etui-lilla-blomst;dk
LC18-68-5007-2;lenovo tab p11 beautiful design tre-fold læder Etui - Lyserød blomst;"Tri-Fold Stand Design Leather Tablet Cover Shell with Pattern Printing for Lenovo Tab P11 TB-J606F - Pink Flower

    Stylish pattern, dresses your device with a characteristic outwear

    Tri-fold cover offers sturdy and versatile stand for viewing and typing

    Controls are easily accessible

    Protect device from scratches and impact

    Automatic screen on / off function

Compatible with:

    Lenovo Tab P11

Package included:

    1 x Pattern Printing Tri-fold Stand Leather Case
    Accessory only, device not included
";lenovo-tab-p11-beautiful-design-tre-fold-laeder-etui-lyserod-blomst;dk
LC18-68-5007-3;lenovo tab p11 beautiful design tre-fold læder Etui - Starry sky / slot;"Tri-Fold Stand Design Leather Tablet Cover Shell with Pattern Printing for Lenovo Tab P11 TB-J606F - Starry Sky / Castle

    Stylish pattern, dresses your device with a characteristic outwear

    Tri-fold cover offers sturdy and versatile stand for viewing and typing

    Controls are easily accessible

    Protect device from scratches and impact

    Automatic screen on / off function

Compatible with:

    Lenovo Tab P11

Package included:

    1 x Pattern Printing Tri-fold Stand Leather Case
    Accessory only, device not included
";lenovo-tab-p11-beautiful-design-tre-fold-laeder-etui-starry-sky-slot;dk
LC18-68-5007-4;lenovo tab p11 beautiful design tre-fold læder Etui - Blå sommerfugl;"Tri-Fold Stand Design Leather Tablet Cover Shell with Pattern Printing for Lenovo Tab P11 TB-J606F - Blue Butterfly

    Stylish pattern, dresses your device with a characteristic outwear

    Tri-fold cover offers sturdy and versatile stand for viewing and typing

    Controls are easily accessible

    Protect device from scratches and impact

    Automatic screen on / off function

Compatible with:

    Lenovo Tab P11

Package included:

    1 x Pattern Printing Tri-fold Stand Leather Case
    Accessory only, device not included
";lenovo-tab-p11-beautiful-design-tre-fold-laeder-etui-bla-sommerfugl;dk
LC18-68-5007-5;lenovo tab p11 beautiful design tre-fold læder Etui - Cute;"Tri-Fold Stand Design Leather Tablet Cover Shell with Pattern Printing for Lenovo Tab P11 TB-J606F - Cute

    Stylish pattern, dresses your device with a characteristic outwear

    Tri-fold cover offers sturdy and versatile stand for viewing and typing

    Controls are easily accessible

    Protect device from scratches and impact

    Automatic screen on / off function

Compatible with:

    Lenovo Tab P11

Package included:

    1 x Pattern Printing Tri-fold Stand Leather Case
    Accessory only, device not included
";lenovo-tab-p11-beautiful-design-tre-fold-laeder-etui-cute;dk
LC18-68-5007-6;lenovo tab p11 beautiful design tre-fold læder Etui - Lilla sommerfugl;"Tri-Fold Stand Design Leather Tablet Cover Shell with Pattern Printing for Lenovo Tab P11 TB-J606F - Purple Butterfly

    Stylish pattern, dresses your device with a characteristic outwear

    Tri-fold cover offers sturdy and versatile stand for viewing and typing

    Controls are easily accessible

    Protect device from scratches and impact

    Automatic screen on / off function

Compatible with:

    Lenovo Tab P11

Package included:

    1 x Pattern Printing Tri-fold Stand Leather Case
    Accessory only, device not included
";lenovo-tab-p11-beautiful-design-tre-fold-laeder-etui-lilla-sommerfugl;dk
LC18-68-5007-7;lenovo tab p11 beautiful design tre-fold læder Etui - Green dinosaur;"Tri-Fold Stand Design Leather Tablet Cover Shell with Pattern Printing for Lenovo Tab P11 TB-J606F - Green Dinosaur

    Stylish pattern, dresses your device with a characteristic outwear

    Tri-fold cover offers sturdy and versatile stand for viewing and typing

    Controls are easily accessible

    Protect device from scratches and impact

    Automatic screen on / off function

Compatible with:

    Lenovo Tab P11

Package included:

    1 x Pattern Printing Tri-fold Stand Leather Case
    Accessory only, device not included
";lenovo-tab-p11-beautiful-design-tre-fold-laeder-etui-green-dinosaur;dk
LC18-67-5007-1;lenovo tab p11 pro stilfuldt mønster tre-fold læder Etui - Starry sky / slot;"Pattern Printing Leather Tablet Cover Shell with Tri-Fold Stand for Lenovo Tab P11 Pro TB-J706F - Starry Sky / Castle

    Stylish pattern, dresses your device with a characteristic outwear

    Tri-fold cover offers sturdy and versatile stand for viewing and typing

    Controls are easily accessible

    Protect device from scratches and impact

    Automatic screen on / off function

Compatible with:

    Lenovo Tab P11 Pro

Package included:

    1 x Pattern Printing Tri-fold Stand Leather Case
    Accessory only, device not included
";lenovo-tab-p11-pro-stilfuldt-monster-tre-fold-laeder-etui-starry-sky-slot;dk
LC18-67-5007-2;lenovo tab p11 pro stilfuldt mønster tre-fold læder Etui - Blue secretary;"Pattern Printing Leather Tablet Cover Shell with Tri-Fold Stand for Lenovo Tab P11 Pro TB-J706F - Blue Secretary

    Stylish pattern, dresses your device with a characteristic outwear

    Tri-fold cover offers sturdy and versatile stand for viewing and typing

    Controls are easily accessible

    Protect device from scratches and impact

    Automatic screen on / off function

Compatible with:

    Lenovo Tab P11 Pro

Package included:

    1 x Pattern Printing Tri-fold Stand Leather Case
    Accessory only, device not included
";lenovo-tab-p11-pro-stilfuldt-monster-tre-fold-laeder-etui-blue-secretary;dk
LC18-67-5007-3;lenovo tab p11 pro stilfuldt mønster tre-fold læder Etui - Green dinosaur;"Pattern Printing Leather Tablet Cover Shell with Tri-Fold Stand for Lenovo Tab P11 Pro TB-J706F - Green Dinosaur

    Stylish pattern, dresses your device with a characteristic outwear

    Tri-fold cover offers sturdy and versatile stand for viewing and typing

    Controls are easily accessible

    Protect device from scratches and impact

    Automatic screen on / off function

Compatible with:

    Lenovo Tab P11 Pro

Package included:

    1 x Pattern Printing Tri-fold Stand Leather Case
    Accessory only, device not included
";lenovo-tab-p11-pro-stilfuldt-monster-tre-fold-laeder-etui-green-dinosaur;dk
LC18-67-5007-4;lenovo tab p11 pro stilfuldt mønster tre-fold læder Etui - Lilla sommerfugl;"Pattern Printing Leather Tablet Cover Shell with Tri-Fold Stand for Lenovo Tab P11 Pro TB-J706F - Purple Butterfly

    Stylish pattern, dresses your device with a characteristic outwear

    Tri-fold cover offers sturdy and versatile stand for viewing and typing

    Controls are easily accessible

    Protect device from scratches and impact

    Automatic screen on / off function

Compatible with:

    Lenovo Tab P11 Pro

Package included:

    1 x Pattern Printing Tri-fold Stand Leather Case
    Accessory only, device not included
";lenovo-tab-p11-pro-stilfuldt-monster-tre-fold-laeder-etui-lilla-sommerfugl;dk
LC18-67-5007-5;lenovo tab p11 pro stilfuldt mønster tre-fold læder Etui - Lilla blomst;"Pattern Printing Leather Tablet Cover Shell with Tri-Fold Stand for Lenovo Tab P11 Pro TB-J706F - Purple Flower

    Stylish pattern, dresses your device with a characteristic outwear

    Tri-fold cover offers sturdy and versatile stand for viewing and typing

    Controls are easily accessible

    Protect device from scratches and impact

    Automatic screen on / off function

Compatible with:

    Lenovo Tab P11 Pro

Package included:

    1 x Pattern Printing Tri-fold Stand Leather Case
    Accessory only, device not included
";lenovo-tab-p11-pro-stilfuldt-monster-tre-fold-laeder-etui-lilla-blomst;dk
LC18-67-5007-6;lenovo tab p11 pro stilfuldt mønster tre-fold læder Etui - Lyserød blomst;"Pattern Printing Leather Tablet Cover Shell with Tri-Fold Stand for Lenovo Tab P11 Pro TB-J706F - Pink Flower

    Stylish pattern, dresses your device with a characteristic outwear

    Tri-fold cover offers sturdy and versatile stand for viewing and typing

    Controls are easily accessible

    Protect device from scratches and impact

    Automatic screen on / off function

Compatible with:

    Lenovo Tab P11 Pro

Package included:

    1 x Pattern Printing Tri-fold Stand Leather Case
    Accessory only, device not included
";lenovo-tab-p11-pro-stilfuldt-monster-tre-fold-laeder-etui-lyserod-blomst;dk
LC18-67-5007-7;lenovo tab p11 pro stilfuldt mønster tre-fold læder Etui - Cute;"Pattern Printing Leather Tablet Cover Shell with Tri-Fold Stand for Lenovo Tab P11 Pro TB-J706F - Cute

    Stylish pattern, dresses your device with a characteristic outwear

    Tri-fold cover offers sturdy and versatile stand for viewing and typing

    Controls are easily accessible

    Protect device from scratches and impact

    Automatic screen on / off function

Compatible with:

    Lenovo Tab P11 Pro

Package included:

    1 x Pattern Printing Tri-fold Stand Leather Case
    Accessory only, device not included
";lenovo-tab-p11-pro-stilfuldt-monster-tre-fold-laeder-etui-cute;dk
LC03-315-1003-1;test product samsung galaxy a32 Etui - Grønt blad;TEST PRODUCT / DOES NOT EXISTS;test-product-samsung-galaxy-a32-etui-gront-blad;dk
LC03-315-1003-2;test product samsung galaxy a32 Etui - Grønne blade;TEST PRODUCT / DOES NOT EXISTS;test-product-samsung-galaxy-a32-etui-gronne-blade;dk
LC03-315-1003-3;test product samsung galaxy a32 Etui - Gul marmorkugle og grønne blade;TEST PRODUCT / DOES NOT EXISTS;test-product-samsung-galaxy-a32-etui-gul-marmorkugle-og-gronne-blade;dk
LC03-315-1003-4;test product samsung galaxy a32 Etui - Sorte pandaer og blå baggrund;TEST PRODUCT / DOES NOT EXISTS;test-product-samsung-galaxy-a32-etui-sorte-pandaer-og-bla-baggrund;dk
LC03-315-1003-5;test product samsung galaxy a32 Etui - Greenleafs;TEST PRODUCT / DOES NOT EXISTS;test-product-samsung-galaxy-a32-etui-greenleafs;dk
LC03-299-5003-1;wonderland samsung galaxy a12 5g Flip etui - Baby panda;Et Samsung Galaxy A12 5G etui med karakteristisk print lavet af holdbart kunstlæder. Wonderland-etuiet har to kortpladser og en lomme til pengesedler. Den har en magnetisk lås for at holde etuiet lukket og din Samsung Galaxy A12 5G beskyttet. Bagsiden kan foldes for at holde mobilen i en vinklet position videovisning.;wonderland-samsung-galaxy-a12-5g-flip-etui-baby-panda;dk
LC03-299-5003-2;wonderland samsung galaxy a12 5g Flip etui - Elefant;Et Samsung Galaxy A12 5G etui med karakteristisk print lavet af holdbart kunstlæder. Wonderland-etuiet har to kortpladser og en lomme til pengesedler. Den har en magnetisk lås for at holde etuiet lukket og din Samsung Galaxy A12 5G beskyttet. Bagsiden kan foldes for at holde mobilen i en vinklet position videovisning.;wonderland-samsung-galaxy-a12-5g-flip-etui-elefant;dk
LC03-299-5003-3;wonderland samsung galaxy a12 5g Flip etui - Blomster og sommerfugle;Et Samsung Galaxy A12 5G etui med karakteristisk print lavet af holdbart kunstlæder. Wonderland-etuiet har to kortpladser og en lomme til pengesedler. Den har en magnetisk lås for at holde etuiet lukket og din Samsung Galaxy A12 5G beskyttet. Bagsiden kan foldes for at holde mobilen i en vinklet position videovisning.;wonderland-samsung-galaxy-a12-5g-flip-etui-blomster-og-sommerfugle;dk
LC03-299-5003-4;wonderland samsung galaxy a12 5g Flip etui - Metal sommerfugle;Et Samsung Galaxy A12 5G etui med karakteristisk print lavet af holdbart kunstlæder. Wonderland-etuiet har to kortpladser og en lomme til pengesedler. Den har en magnetisk lås for at holde etuiet lukket og din Samsung Galaxy A12 5G beskyttet. Bagsiden kan foldes for at holde mobilen i en vinklet position videovisning.;wonderland-samsung-galaxy-a12-5g-flip-etui-metal-sommerfugle;dk
LC03-299-5003-5;wonderland samsung galaxy a12 5g Flip etui - Krystal sommerfugle;Et Samsung Galaxy A12 5G etui med karakteristisk print lavet af holdbart kunstlæder. Wonderland-etuiet har to kortpladser og en lomme til pengesedler. Den har en magnetisk lås for at holde etuiet lukket og din Samsung Galaxy A12 5G beskyttet. Bagsiden kan foldes for at holde mobilen i en vinklet position videovisning.;wonderland-samsung-galaxy-a12-5g-flip-etui-krystal-sommerfugle;dk
LC03-299-5003-6;wonderland samsung galaxy a12 5g Flip etui - Couple ugler og træ;Et Samsung Galaxy A12 5G etui med karakteristisk print lavet af holdbart kunstlæder. Wonderland-etuiet har to kortpladser og en lomme til pengesedler. Den har en magnetisk lås for at holde etuiet lukket og din Samsung Galaxy A12 5G beskyttet. Bagsiden kan foldes for at holde mobilen i en vinklet position videovisning.;wonderland-samsung-galaxy-a12-5g-flip-etui-couple-ugler-og-trae;dk
LC03-299-5003-7;wonderland samsung galaxy a12 5g Flip etui - Røde blomster;Et Samsung Galaxy A12 5G etui med karakteristisk print lavet af holdbart kunstlæder. Wonderland-etuiet har to kortpladser og en lomme til pengesedler. Den har en magnetisk lås for at holde etuiet lukket og din Samsung Galaxy A12 5G beskyttet. Bagsiden kan foldes for at holde mobilen i en vinklet position videovisning.;wonderland-samsung-galaxy-a12-5g-flip-etui-rode-blomster;dk
LC03-299-5003-8;wonderland samsung galaxy a12 5g Flip etui - Blå sommerfugle;Et Samsung Galaxy A12 5G etui med karakteristisk print lavet af holdbart kunstlæder. Wonderland-etuiet har to kortpladser og en lomme til pengesedler. Den har en magnetisk lås for at holde etuiet lukket og din Samsung Galaxy A12 5G beskyttet. Bagsiden kan foldes for at holde mobilen i en vinklet position videovisning.;wonderland-samsung-galaxy-a12-5g-flip-etui-bla-sommerfugle;dk
LC03-299-5003-9;wonderland samsung galaxy a12 5g Flip etui - Guld sommerfugl;Et Samsung Galaxy A12 5G etui med karakteristisk print lavet af holdbart kunstlæder. Wonderland-etuiet har to kortpladser og en lomme til pengesedler. Den har en magnetisk lås for at holde etuiet lukket og din Samsung Galaxy A12 5G beskyttet. Bagsiden kan foldes for at holde mobilen i en vinklet position videovisning.;wonderland-samsung-galaxy-a12-5g-flip-etui-guld-sommerfugl;dk
LC03-299-5003-10;wonderland samsung galaxy a12 5g Flip etui - Malanda og elefant;Et Samsung Galaxy A12 5G etui med karakteristisk print lavet af holdbart kunstlæder. Wonderland-etuiet har to kortpladser og en lomme til pengesedler. Den har en magnetisk lås for at holde etuiet lukket og din Samsung Galaxy A12 5G beskyttet. Bagsiden kan foldes for at holde mobilen i en vinklet position videovisning.;wonderland-samsung-galaxy-a12-5g-flip-etui-malanda-og-elefant;dk
LC03-299-5004-1;wonderland samsung galaxy a12 5g Flip etui - Giraf;Et Samsung Galaxy A12 5G etui med karakteristisk print lavet af holdbart kunstlæder. Wonderland-etuiet har to kortpladser og en lomme til pengesedler. Den har en magnetisk lås for at holde etuiet lukket og din Samsung Galaxy A12 5G beskyttet. Bagsiden kan foldes for at holde mobilen i en vinklet position videovisning.;wonderland-samsung-galaxy-a12-5g-flip-etui-giraf;dk
LC03-299-5004-2;wonderland samsung galaxy a12 5g Flip etui - To sommerfugle;Et Samsung Galaxy A12 5G etui med karakteristisk print lavet af holdbart kunstlæder. Wonderland-etuiet har to kortpladser og en lomme til pengesedler. Den har en magnetisk lås for at holde etuiet lukket og din Samsung Galaxy A12 5G beskyttet. Bagsiden kan foldes for at holde mobilen i en vinklet position videovisning.;wonderland-samsung-galaxy-a12-5g-flip-etui-to-sommerfugle;dk
LC03-299-5004-3;wonderland samsung galaxy a12 5g Flip etui - Solsikke;Et Samsung Galaxy A12 5G etui med karakteristisk print lavet af holdbart kunstlæder. Wonderland-etuiet har to kortpladser og en lomme til pengesedler. Den har en magnetisk lås for at holde etuiet lukket og din Samsung Galaxy A12 5G beskyttet. Bagsiden kan foldes for at holde mobilen i en vinklet position videovisning.;wonderland-samsung-galaxy-a12-5g-flip-etui-solsikke;dk
LC03-299-5004-4;wonderland samsung galaxy a12 5g Flip etui - Sommerfugl og blomst;Et Samsung Galaxy A12 5G etui med karakteristisk print lavet af holdbart kunstlæder. Wonderland-etuiet har to kortpladser og en lomme til pengesedler. Den har en magnetisk lås for at holde etuiet lukket og din Samsung Galaxy A12 5G beskyttet. Bagsiden kan foldes for at holde mobilen i en vinklet position videovisning.;wonderland-samsung-galaxy-a12-5g-flip-etui-sommerfugl-og-blomst;dk
LC03-299-5004-5;wonderland samsung galaxy a12 5g Flip etui - Grin;Et Samsung Galaxy A12 5G etui med karakteristisk print lavet af holdbart kunstlæder. Wonderland-etuiet har to kortpladser og en lomme til pengesedler. Den har en magnetisk lås for at holde etuiet lukket og din Samsung Galaxy A12 5G beskyttet. Bagsiden kan foldes for at holde mobilen i en vinklet position videovisning.;wonderland-samsung-galaxy-a12-5g-flip-etui-grin;dk
LC03-299-5004-6;wonderland samsung galaxy a12 5g Flip etui - Farverig træ;Et Samsung Galaxy A12 5G etui med karakteristisk print lavet af holdbart kunstlæder. Wonderland-etuiet har to kortpladser og en lomme til pengesedler. Den har en magnetisk lås for at holde etuiet lukket og din Samsung Galaxy A12 5G beskyttet. Bagsiden kan foldes for at holde mobilen i en vinklet position videovisning.;wonderland-samsung-galaxy-a12-5g-flip-etui-farverig-trae;dk
LC03-299-5004-7;wonderland samsung galaxy a12 5g Flip etui - Life træ;Et Samsung Galaxy A12 5G etui med karakteristisk print lavet af holdbart kunstlæder. Wonderland-etuiet har to kortpladser og en lomme til pengesedler. Den har en magnetisk lås for at holde etuiet lukket og din Samsung Galaxy A12 5G beskyttet. Bagsiden kan foldes for at holde mobilen i en vinklet position videovisning.;wonderland-samsung-galaxy-a12-5g-flip-etui-life-trae;dk
LC03-299-5004-8;wonderland samsung galaxy a12 5g Flip etui - Fjer og fugl;Et Samsung Galaxy A12 5G etui med karakteristisk print lavet af holdbart kunstlæder. Wonderland-etuiet har to kortpladser og en lomme til pengesedler. Den har en magnetisk lås for at holde etuiet lukket og din Samsung Galaxy A12 5G beskyttet. Bagsiden kan foldes for at holde mobilen i en vinklet position videovisning.;wonderland-samsung-galaxy-a12-5g-flip-etui-fjer-og-fugl;dk
LC03-299-5004-9;wonderland samsung galaxy a12 5g Flip etui - Bjørn;Et Samsung Galaxy A12 5G etui med karakteristisk print lavet af holdbart kunstlæder. Wonderland-etuiet har to kortpladser og en lomme til pengesedler. Den har en magnetisk lås for at holde etuiet lukket og din Samsung Galaxy A12 5G beskyttet. Bagsiden kan foldes for at holde mobilen i en vinklet position videovisning.;wonderland-samsung-galaxy-a12-5g-flip-etui-bjorn;dk
LC03-299-5004-10;wonderland samsung galaxy a12 5g Flip etui - Vintersødt;Et Samsung Galaxy A12 5G etui med karakteristisk print lavet af holdbart kunstlæder. Wonderland-etuiet har to kortpladser og en lomme til pengesedler. Den har en magnetisk lås for at holde etuiet lukket og din Samsung Galaxy A12 5G beskyttet. Bagsiden kan foldes for at holde mobilen i en vinklet position videovisning.;wonderland-samsung-galaxy-a12-5g-flip-etui-vintersodt;dk
LC03-316-1003-1;test product samsung galaxy a32 Etui - Grøn;TEST PRODUCT / DOES NOT EXISTS;test-product-samsung-galaxy-a32-etui-gron;dk
LC03-316-1003-2;test product samsung galaxy a32 Etui - Red;TEST PRODUCT / DOES NOT EXISTS;test-product-samsung-galaxy-a32-etui-red;dk
LC03-316-1003-3;test product samsung galaxy a32 Etui - Gul;TEST PRODUCT / DOES NOT EXISTS;test-product-samsung-galaxy-a32-etui-gul;dk
LC03-316-1003-4;test product samsung galaxy a32 Etui - Sort;TEST PRODUCT / DOES NOT EXISTS;test-product-samsung-galaxy-a32-etui-sort;dk
LC03-316-1003-5;test product samsung galaxy a32 Etui - Lilla;TEST PRODUCT / DOES NOT EXISTS;test-product-samsung-galaxy-a32-etui-lilla;dk
LC03-316-1003-6;test product samsung galaxy a32 Etui - Lilla / rød;TEST PRODUCT / DOES NOT EXISTS;test-product-samsung-galaxy-a32-etui-lilla-rod;dk
LC03-316-1003-7;test product samsung galaxy a32 Etui - Sort/hvid;TEST PRODUCT / DOES NOT EXISTS;test-product-samsung-galaxy-a32-etui-sort-hvid;dk
