eng;dk;se;no;fi;nl;de;fr
Watch strap for [DEVICE NAME]. Created with both aesthetics and daily use in mind, and does not sacrifice one for the other. This watch band has a perfect and flawlessly designed fit, which makes sure that it always sits comfortably and securely on your wrist. A great choice for any occasion, whether that is the office or leisure. The wristband is easy and quick to install with an intuitive design, which also makes it easy to adjust, amount as well as remove. The perfect replacement for your old or broken band.;Urrem til [DEVICE NAME]. Designet med både æstetik og daglig brug i tankerne, og ofrer ikke det ene for det andet. Denne urrem har et perfekt og fejlfrit designet pasform, som sørger for, at det altid sidder komfortabelt og sikkert på dit håndled. Et godt valg til enhver lejlighed, om det er kontoret eller fritiden. Remmen er nem og hurtig at installere med et intuitivt design, som også gør det nemt at justere. Den perfekte erstatningsrem.;Klockarmband till [DEVICE NAME]. Tillverkad med både stil och daglig användning i åtanke, och offrar inte det enda för det andra. Detta armband har en perfekt och fulländad passform, vilket gör att din smartklocka alltid sitter bekvämt och säkert på din handled. Ett utmärkt val för alla tillfällen, oavsett om det är kontoret eller fritiden. Klockarmbandet är utvecklat med en intuitiv design, vilket gör det snabbt och enkelt att montera, justera och ta av. Den perfekta ersättningen för ditt gamla eller trasiga armband.;;;;Uhrenarmband für [DEVICE NAME] Erstellt mit Blick auf Ästhetik und täglichen Gebrauch und opfert nicht das eine für das andere. Dieses Uhrenarmband hat eine perfekte und makellos gestaltete Passform, die dafür sorgt, dass es immer bequem und sicher am Handgelenk sitzt. Eine gute Wahl für jeden Anlass, sei es im Büro oder in der Freizeit. Das Armband ist einfach und schnell zu installieren mit einem intuitiven Design, das es auch einfach macht, es einzustellen, zu befestigen und zu entfernen. Der perfekte Ersatz für Ihr altes oder kaputtes Band.;
[COLOR] watch strap for [DEVICE NAME]. A beautiful and practical watch band that takes your smartwatch to the next level. Designed to be comfortable on your wrist, while still being robust and durable against daily wear-and-tear. The smart design makes attaching and removing the wristband seamless. An ideal watch strap replacement for your old or broken one.;[COLOR] urrem til [DEVICE NAME]. En smuk og praktisk rem, der tager dit smartwatch til næste niveau. Designet til at være komfortabel på dit håndled, mens det stadigvæk er robust og holdbart mod dagligt slitage. Det smarte design gør fastgørelsen og fjernelse af armbåndet nemt. En ideel erstatningsrem til at udskifte dit gamle eller ødelagte.;[COLOR] klockarmband för [DEVICE NAME]. Ett vackert och praktiskt armband som tar din smartklocka upp ett steg. Tillverkad för att vara bekväm på din handled, samtidigt som den är robust och tålig mot dagligt slitage. Den smarta designen gör det också friktionsfritt att montera och ta av klockarmbandet. Den perfekta ersättningen för ditt gamla eller trasiga armband.;;;;[COLOR] Uhrenarmband für [DEVICE NAME] Ein schönes und praktisches Uhrenarmband, das Ihre Smartwatch auf die nächste Stufe bringt. Entwickelt, um bequem am Handgelenk zu sein und gleichzeitig robust und langlebig gegen täglichen Verschleiß zu sein. Das intelligente Design macht das Anbringen und Entfernen des Armbands nahtlos. Ein idealer Ersatz für Ihr altes oder kaputtes Uhrenarmband.;
"[MATERIAL] watch strap for [DEVICE NAME]. Give your smartwatch that little extra flair and style; to make it as unique and colorful as you are. The watch strap fits your [DEVICE NAME] perfectly and sits comfortably on your wrist. Created to be perfect for any occasion, and always be as secure and comfortable as it is stylish.";[MATERIAL] urrem til [DEVICE NAME]. Giv dit smartwatch det lille ekstra flair og stil, der gør det så unikt og farverigt som du selv er. Urremmen passer dit [DEVICE NAME] perfekt og sidder komfortabelt på dit håndled. Passer godt til enhver lejlighed, og vil altid være så sikkert og komfortabel, som det er stilfuldt.;"[MATERIAL] klockarmband till [DEVICE NAME]. Ge din smartklocka lite extra känsla och stil; gör den lika unik och färgstark som du är. Detta klockarmband passar din [DEVICE NAME] perfekt och sitter bekvämt på din handled. Skapad för att vara perfekt för alla tillfällen, och för att vara lika pålitlig och bekväm som den är stilren.";;;;[MATERIAL] Uhrenarmband für [DEVICE NAME] Verleihen Sie Ihrer Smartwatch das gewisse Extra an Flair und Stil. um es so einzigartig und farbenfroh zu machen, wie Sie sind. Das Uhrenarmband passt perfekt zu Ihrem [DEVICE NAME] und sitzt bequem auf Ihrem Handgelenk. Kreiert, um perfekt für jeden Anlass zu sein und immer so sicher und komfortabel wie stilvoll zu sein.;
[MATERIAL] watch strap for [DEVICE NAME] in [COLOR]. A perfect and flawlessly executed fit, designed to be worn at an occasion.Allows you to keep your [DEVICE NAME] securely on your wrist at all times, while you still have access to all its features. Choose a more personal and attractive, yet secure and comfortable, style for your smartwatch with this wristband for [DEVICE NAME]. ;[MATERIAL] urrem til [DEVICE NAME] i [COLOR]. Designet til at blive båret til enhver lejlighed. Vil altid holde din [DEVICE NAME] sikkert på dit håndled, mens du stadig har adgang til alle funktionerne. Få en mere personlig og attraktiv, og samtidig komfortabel, stil til dit smartwatch med dette rem til [DEVICE NAME].;[MATERIAL] klockarmband till [DEVICE NAME] i [COLOR]. En perfekt och fulländad passform, designad för att kunna användas vid alla tillfällen. Tillåter dig att alltid ha din [DEVICE NAME] säkert på din handled, samtidigt som du har full tillgång till alla dess funktioner. Välj en mer personlig och attraktiv, men fortfarande bekväm och pålitlig, stil till din smartklocka med detta klockarmband till [DEVICE NAME].;;;;[MATERIAL] Uhrenarmband für [DEVICE NAME] in [COLOR]. Eine perfekte und makellos ausgeführte Passform, die bei einer Gelegenheit getragen werden kann. Ermöglicht es Ihnen, Ihren [DEVICE NAME] jederzeit sicher am Handgelenk zu halten, während Sie weiterhin Zugriff auf alle Funktionen haben. Wählen Sie mit diesem Armband für [DEVICE NAME] einen persönlicheren und attraktiveren, aber sicheren und komfortableren Stil für Ihre Smartwatch.;
[COLOR] watch strap for [DEVICE NAME] in [MATERIAL] . A perfect, flawless fit. Accessorize and update both your device and your wrist with this trendy, modern and durable [material] band. Fits and functions perfectly so that you can wear it no matter what occasion. Intuitively designed to allow for easy installation and removal. The size is highly adjustable to ensure both a comfortable and secure fit.;[COLOR] urrem til [DEVICE NAME] i [MATERIAL]. Et perfekt, fejlfri pasform. Opdaterr både din enhed og dit håndled med denne trendy, moderne og slidstærke [MATERIAL] rem. Passerer og fungerer perfekt, så du kan have det på, uanset hvad du skal. Intuitivt designet til nem installation og fjernelse. Størrelsen er justerbar for at sikre en behagelig og sikker pasform.;[COLOR] klockarmband till [DEVICE NAME] i [MATERIAL] . En perfekt, fulländad passform. Förse och uppdatera både din smartklocka och din handled med detta trendiga, moderna och slitstarka [material] klockarmband. Passar och fungerar perfekt så att du kan använda den oavsett tillfälle. Intuitivt designat för att tillåta enkel montering och avtag. Storleken är justerbar för att tillåta både en bekväm och säker passform. ;;;;[COLOR] Uhrenarmband für [DEVICE NAME] in [MATERIAL] . Eine perfekte, makellose Passform. Erweitern und aktualisieren Sie sowohl Ihr Gerät als auch Ihr Handgelenk mit diesem trendigen, modernen und langlebigen [MATERIAL] Band. Passt und funktioniert perfekt, so dass Sie es tragen können, egal zu welchem Anlass. Intuitiv gestaltet, um eine einfache Installation und Demontage zu ermöglichen. Die Größe ist stark einstellbar, um sowohl einen bequemen als auch einen sicheren Sitz zu gewährleisten.;
[COLOR] watch strap for [DEVICE NAME]. A perfect choice for both formal and informal occasions alike. Created from high quality [MATERIAL], which makes it smooth against the skin and comfortable on your wrist, while also keeping your smartwatch securely in place. The size is designed to be adjustable, to make sure that the watch strap fits you just right.;[COLOR] urrem til [DEVICE NAME]. Et perfekt valg til både formelle og uformelle lejligheder. Skabt af høj kvalitet [MATERIAL], hvilket gør den sidder godt og komfortabelt på dit håndled, samtidig med at du holder dit smartwatch sikkert på plads. Størrelsen er designet til at være justerbar, for at sikre, at urremmen passer til dig helt perfekt.;[COLOR] klockarmband till [DEVICE NAME]. Ett perfekt val för både formella och informella tillfällen. Tillverkad av högkvalitativt [MATERIAL], vilket gör den mjuk mot huden och bekväm på din handled, samtidigt som den håller din smartklocka bekvämt på plats. Designad för att ha en justerbar storlek, för att försäkra att armbandet passar dig helt perfekt. ;;;;[COLOR] Uhrenarmband für [DEVICE NAME] Eine perfekte Wahl für formelle und informelle Anlässe gleichermaßen. Hergestellt aus hochwertigem [MATERIAL], das es glatt auf der Haut und angenehm am Handgelenk macht und gleichzeitig Ihre Smartwatch sicher an Ort und Stelle hält. Die Größe ist so konzipiert, dass sie verstellbar ist, um sicherzustellen, dass das Uhrenarmband genau richtig zu Ihnen passt.;
This stylish and comfortable [DEVICE NAME] watch strap gives you seamless access and full control of your smartwatch, while keeping it safely on your wrist - the best of both worlds. Manufactured from robust and durable [MATERIAL] and ergonomically designed to ensure a flawless fit on your wrist means that this is a watch strap without compromise. A perfect alternative to your old wristband, or replacement for your broken one.;Dette stilfulde og komfortable [DEVICE NAME] urrem giver dig sømløs adgang og fuld kontrol over din smartwatch, mens det holder det sikkert på dit håndled - det bedste af begge verdener. Fremstillet af robust og holdbar [MATERIAL] og ergonomisk designet til at sikre en fejlfri pasform på dit håndled betyder, at dette er en urstrop uden kompromis. Et perfekt alternativ til dit gamle armbånd eller udskiftning til din ødelagte.;Detta stilrena och bekväma [DEVICE NAME] klockarmband ger dig obehindrad tillgång och full kontroll över din smartklocka, samtidigt som den sitter säkert på din handled - det bästa av båda världar. Tillverkad av robust och slitstarkt [MATERIAL] och ergonomiskt designad för att garantera en fulländad passform, innebär att detta är ett klockarmband utan kompromisser. Ett perfekt alternativ till ditt gamla klockarmband, eller ersättning för ditt trasiga.;;;;Dieses stilvolle und komfortable [DEVICE NAME] Uhrenarmband bietet Ihnen nahtlosen Zugriff und volle Kontrolle über Ihre Smartwatch und hält sie gleichzeitig sicher am Handgelenk - das Beste aus beiden Welten. Hergestellt aus robustem und langlebigem [MATERIAL] und ergonomisch gestaltet, um eine einwandfreie Passform am Handgelenk zu gewährleisten, bedeutet dies, dass dies ein Uhrenarmband ohne Kompromisse ist. Eine perfekte Alternative zu Ihrem alten Armband oder Ersatz für Ihr kaputtes.;
Unique [DEVICE NAME] watch strap. The high-quality [MATERIAL] ensures a soft and comfortable fit that is resistant to both moisture and daily wear-and-tear. Secures your smartwatch to your wrist while allowing seamless access to its functions. Ergonomically designed for both high activity and leisure alike. A stylish and durable alternative to your old or broken watch strap.;Unik [DEVICE NAME] urrem. Dens højkvalitets [MATERIAL] sikrer en både blød og behagelig pasform, der er modstandsdygtig over for både fugt og daglig slitage. Sikrer dit smartwatch til dit håndled, samtidig med at der tillades problemfrit adgang til sine funktioner. Ergonomisk designet til både høj aktivitet og fritid. Et stilfuldt og slidstærkt alternativ til din gamle eller ødelagte rem..;Unikt [DEVICE NAME] klockarmband. Det högkvalitativa [MATERIAL] säkerställer en mjuk och bekväm passform som är resistent mot både fukt och dagligt slitage. Håller din smartklocka bekvämt på handleden samtidigt som den tillåter friktionsfri tillgång till dess funktioner. Ergonomiskt designad för både aktivitet och vila. Ett stilrent och slitstarkt alternativ till ditt gamla eller trasiga klockarmband.;;;;Einzigartiges [DEVICE NAME] Uhrenarmband. Das hochwertige [MATERIAL] sorgt für eine weiche und bequeme Passform, die sowohl feuchtigkeits- als auch alltagsbeständig ist. Sichert Ihre Smartwatch an Ihrem Handgelenk und ermöglicht gleichzeitig den nahtlosen Zugriff auf ihre Funktionen. Ergonomisch gestaltet für hohe Aktivität und Freizeit gleichermaßen. Eine stilvolle und langlebige Alternative zu Ihrem alten oder kaputten Uhrenarmband.;
Stylish watch band for [DEVICE NAME]. Made from soft yet high quality and durable [MATERIAL], which also allows the strap to be comfortable, tough and flexible - all to ensure the most satisfying and secure fit on your wrist. Created and designed to be easy to attach and remove. An easily adjustable strap in timeless [COLOR].;Stilfuld urrem til [DEVICE NAME]. Lavet af blødt, men høj kvalitet og holdbar [MATERIAL], som også tillader remmen at være komfortabel, hård og fleksibel - alt for at sikre den bedste og mest sikre pasform til dit håndled. Designet til at være nem at vedhæfte og fjerne. En rem der er let at justere i tidløs [COLOR].;Stilrent klockarmband till [DEVICE NAME]. Tillverkad av mjukt, högkvalitativt och slitstarkt [MATERIAL], vilket tillåter armbandet att vara bekvämt, starkt och flexibelt - allt för att garantera den mest tillfredsställande och säkra passformen på din handled. Skapad och designad för att bara enkel att montera och ta av. Ett enkelt anpassningsbart klockarmband i tidlös [COLOR].;;;;Stilvolles Uhrenarmband für [DEVICE NAME] Hergestellt aus weichem, aber hochwertigem und langlebigem [MATERIAL], das es dem Gurt auch ermöglicht, bequem, robust und flexibel zu sein - alles, um den befriedigendsten und sichersten Sitz am Handgelenk zu gewährleisten. Erstellt und entworfen, um einfach zu befestigen und zu entfernen. Ein leicht verstellbarer Riemen in zeitloser [COLOR].;
[MATERIAL] watch strap for [DEVICE NAME] in [COLOR]. This strap is made from high quality [MATERIAL] which makes it smooth, soft and incredibly comfortable to wear on your wrist. Due to the quality of the [MATERIAL], the watch strap will align beautifully around your wrist for an optimal fit. A perfect replacement strap that is as stylish as it is practical. ;[MATERIAL] urrem til [DEVICE NAME] i [COLOR]. Denne rem er lavet af høj kvalitet [MATERIAL], hvilket gør det blødt og utroligt behageligt at bære på dit håndled. På grund af kvaliteten af [MATERIAL] vil remmen være flot omkring dit håndled med en optimal pasform. En perfekt udskiftningsrem, der er ligeså stilfuldt som det er praktisk.;[MATERIAL] klockarmband till [DEVICE NAME] i [COLOR]. Klockarmbandet är tillverkat av högkvalitativt [MATERIAL] vilket gör det mjukt, lent och otroligt bekvämt att bära på din handled. På grund av den höga kvaliteten av [MATERIAL] kommer armbandet anpassa sig bekvämt runt din handled för en optimal passform. Ett perfekt ersättningsarmband som är lika stilrent som det är praktiskt.;;;;[MATERIAL] Uhrenarmband für [DEVICE NAME] in [COLOR]. Dieses Armband besteht aus hochwertigem [MATERIAL], wodurch es glatt, weich und unglaublich angenehm am Handgelenk zu tragen ist. Aufgrund der Qualität des [MATERIAL] wird das Uhrenarmband für eine optimale Passform schön um Ihr Handgelenk ausgerichtet. Ein perfekter Ersatzgurt, der ebenso stilvoll wie praktisch ist.;
Comfortable and secure [DEVICE NAME] watch strap in dependable [MATERIAL] . Manufactured from high-grade, quality [MATERIAL] to ensure a robust and durable fit, while at the same time being comfortable and soft against the skin. Designed to have an easily adjustable size, and just as easy to attach and take off. A stylish replacement for your old wristband.;Komfortabelt [DEVICE NAME] urrem i godt [MATERIAL]. Fremstillet af højkvalitets [MATERIAL] for at sikre en robust og holdbar pasform, samtidig med at de er behagelig og blød mod huden. Designet til at have en let justerbar størrelse, og lige så nem at vedhæfte og tage af igen. En stilfuld erstatningsrem til dit gamle rem.;Bekväm och pålitlig [DEVICE NAME] klockarmband i slitstarkt [MATERIAL] . Tillverkad av högkvalitativt, starkt [MATERIAL] för att garantera en robust, hållbar passform - samtidigt som den är bekväm på handleden och mjuk mot huden. Designad för att vara enkel att anpassa i storleken, och smidigt att montera samt ta av. Ett stilrent alternativ för ditt gamla klockarmband.;;;;Komfortables und sicheres [DEVICE NAME] Uhrenarmband in zuverlässigem [MATERIAL] . Hergestellt aus hochwertigem, hochwertigem [MATERIAL], um eine robuste und langlebige Passform zu gewährleisten und gleichzeitig bequem und weich auf der Haut zu sein. Entworfen, um eine leicht einstellbare Größe zu haben, und genauso einfach zu befestigen und abzunehmen. Ein stilvoller Ersatz für Ihr altes Armband.;
Fashionable [MATERIAL] watch band for [DEVICE NAME]. A modern and stylish replacement for your old or broken wristband. This band is robustly and ergonomically designed to resist daily wear-and-tear, and ensure long-lasting usage. It is also as easy to install and take off, as it is comfortable against your skin and secure on your wrist. The perfect choice for any occasion. ;Moderigtigt [MATERIAL] urrem til [DEVICE NAME]. En moderne og stilfuld udskiftning til dit gamle eller ødelagte rem. Dette rem er robust og ergonomisk designet til at modstå daglig slitage og sikre langvarig brug. Det er også lige så nemt at installere og tage af igen. Det er behageligt mod din hud og sidder sikkert på dit håndled. Det perfekte valg til enhver lejlighed.;Modernt [MATERIAL] klockarmband till [DEVICE NAME]. En elegant och stilig ersättning för ditt gamla eller trasiga armband. Detta armband är robust och ergonomiskt designat för att motstå dagligt slitage, och försäkra långvarig användning. Det är också lika enkelt att montera och ta av, som det är bekvämt mot din hud och tryggt på din handled. Ett utmärkt val för all tillfällen. ;;;;Modisches [MATERIAL] Uhrenarmband für [DEVICE NAME] Ein moderner und stilvoller Ersatz für Ihr altes oder kaputtes Armband. Dieses Band ist robust und ergonomisch gestaltet, um dem täglichen Verschleiß standzuhalten und eine lange Lebensdauer zu gewährleisten. Es ist auch so einfach zu installieren und abzunehmen, wie es bequem auf der Haut und sicher am Handgelenk ist. Die perfekte Wahl für jeden Anlass.;
Modern and comfortable [DEVICE NAME] watch strap in [COLOR]. A lightweight watch band designed to not sacrifice comfort for style. Made from durable [MATERIAL] to ensure a perfect, and secure fit. This stylish wristband is perfect for all occasions, and a great replacement for your old or broken one.;Moderne og komfortabel [DEVICE NAME] urrem i [COLOR]. Et letvægts urrem designet til ikke at ofre komfort for stil. Lavet af holdbart [MATERIAL] for at sikre en perfekt og sikker pasform. Denne stilfulde rem er perfekt til alle lejligheder og en god erstatningrem for din gamle eller ødelagte urrem.;Modernt och bekvämt [DEVICE NAME] klockarmband i [COLOR]. Ett lätt och robust armband designat för att inte offra bekvämlighet för utseende. Tillverkat av slitstarkt [MATERIAL] för att försäkra en perfekt och säker passform. Detta stilrena armband är för perfekt för alla tillfällen, och en utmärkt ersättning för ditt trasiga eller gamla armband.;;;;Schönes [DEVICE NAME] Uhrenarmband, hergestellt aus strapazierfähigem und komfortablem [MATERIAL] . Dieses Uhrenarmband ist ebenso bequem wie stilvoll und originell und wurde entwickelt, um die bereits großartigen Funktionen Ihres [DEVICE NAME] hervorzuheben. Neben der schönen und lebendigen [COLOR] besteht dieses Armband aus dem hochwertigsten [MATERIAL], das nicht nur einen zeitlosen Look, sondern auch Eine Beständigkeit gegen Schweiß und täglichen Verschleiß bietet. Ein perfekter Ersatz für Ihr altes oder kaputtes Uhrenarmband, das so stilvoll und einzigartig ist wie Sie.;
Beautiful [DEVICE NAME] watch strap, manufactured from durable and comfortable [MATERIAL] . This watch band is as comfortable as it is stylish and original, and is designed to highlight the already great features of your [DEVICE NAME]. Beyond the beautiful and vibrant [COLOR], this wristband is created from the highest-grade [MATERIAL], which not only provides a timeless look but also resistance from perspiration and daily wear-and tear. A perfect replacement for your old or broken watch strap that is as stylish and unique as you.;Smuk [DEVICE NAME] urrem, fremstillet af slidstærkt og komfortabelt [MATERIAL]. Denne urrem er ligeså behageligt, som det er stilfuldt og originalt, er designet til at fremhæve de allerede gode funktioner dit [DEVICE NAME] har. Ud over den smukke og pulserende [COLOR] er denne rem skabt af det bedste [MATERIAL], som ikke kun giver et tidløst udseende, men også modstand fra sved og daglig slitage. En perfekt erstatningsrem til din gamle eller ødelagte rem, som er ligeså stilfuld og unik som dig.;[COLOR] [DEVICE NAME] klockarmband i slitstarkt och bekvämt [MATERIAL] . En perfekt ersättning för ditt trasiga eller gamla klockarmband, som dessutom är lika unikt som du.;;;;Schönes [DEVICE NAME] Uhrenarmband, hergestellt aus strapazierfähigem und komfortablem [MATERIAL] . Dieses Uhrenarmband ist ebenso bequem wie stilvoll und originell und wurde entwickelt, um die bereits großartigen Funktionen Ihres [DEVICE NAME] hervorzuheben. Neben der schönen und lebendigen [COLOR] besteht dieses Armband aus dem hochwertigsten [MATERIAL], das nicht nur einen zeitlosen Look, sondern auch Eine Beständigkeit gegen Schweiß und täglichen Verschleiß bietet. Ein perfekter Ersatz für Ihr altes oder kaputtes Uhrenarmband, das so stilvoll und einzigartig ist wie Sie.;
Trendy [DEVICE NAME] watch strap in comfortable [MATERIAL] . An exquisite choice for both casual and formal occasions. Not only is the high-quality [MATERIAL] comfortable and soft against the wrist, it’s also durable and designed to be resistant against both perspiration and daily wear-and-tear. Easy to adjust and attach, as well as take off. The replacement watch strap for your old or broken one that you have been looking for.;Trendy [DEVICE NAME]  urrem i komfortabel [MATERIAL]. Et udsøgt valg til både afslappede og formelle lejligheder. Ikke alene er det lavet af højt kvalitets [MATERIAL], det sidder også komfortabel og blødt mod håndleddet. Det er også holdbart og designet til at være resistent mod både sved og daglig slitage. Let at justere og vedhæfte, såvel som at tage af igen. Erstatningsremmen til dit gamle eller ødelagte, som du har ledt efter.;Trendigt [DEVICE NAME] klockarmband i bekvämt [MATERIAL] . Lika pålitligt och bekvämt som det är stilrent. Enkelt att justera, montera och ta av. Den perfekt ersättningen till ditt gamla eller trasiga klockarmband som du letat efter!;;;;Trendiges [DEVICE NAME] Uhrenarmband in bequemer [MATERIAL] . Eine exquisite Wahl für ungezwungene und formelle Anlässe. Das hochwertige [MATERIAL] ist nicht nur bequem und weich am Handgelenk, es ist auch langlebig und so konzipiert, dass es sowohl gegen Schweiß als auch gegen täglichen Verschleiß beständig ist. Einfach einzustellen und zu befestigen sowie abzunehmen. Das Ersatz-Uhrenarmband für Ihr altes oder kaputtes Armband, nach dem Sie gesucht haben.;
[DEVICE NAME] replacement watch strap in beautiful, vibrant and unique [COLOR]. The watch strap is manufactured from soft and highly durable [MATERIAL], which makes it robust, comfortable and reliable. Allows your smartwatch to sit comfortably and securely on your wrist, while giving you seamless access to its functions. The perfect wristband for any occasion, whether that be high activity or leisure.;[DEVICE NAME] Erstatningsurrem i smuk, levende og unik [COLOR]. Urremmen er fremstillet af blødt og meget holdbart [MATERIAL], hvilket gør det robust, komfortabelt og pålideligt. Tillader dit smartwatch at sidde komfortabelt og sikkert på håndleddet, mens du har nem adgang til urets funktioner. Den perfekte rem til enhver lejlighed, uanset om det er høj aktivitet eller rolig fritid.;[DEVICE NAME] ersättnings klockarmband i vacker och pålitlig [COLOR] [MATERIAL] . Tillåter din smartklocka att sitta bekvämt och tryggt på din handled, medan du har obehindrad tillgång till dess funktioner.;;;;[DEVICE NAME] Ersatzarmband in schöner, lebendiger und einzigartiger [COLOR]. Das Uhrenarmband ist aus weichem und sehr strapazierfähigem [MATERIAL] gefertigt, was es robust, komfortabel und zuverlässig macht. Ermöglicht es Ihrer Smartwatch, bequem und sicher auf Ihrem Handgelenk zu sitzen, während Sie nahtlos auf ihre Funktionen zugreifen können. Das perfekte Armband für jeden Anlass, egal ob hohe Aktivität oder Freizeit.;
Stunning watch strap in a beautiful, unique shade of [COLOR] for [DEVICE NAME]. Thanks to the high-quality, robust [MATERIAL], this watch band sits solidly on the wrist while also being comfortable and smooth against the skin. A flawless, comfortable fit that is easy to adjust, attach and take off. A stylish and durable replacement for your old wristband. Perfect for all events and occasions.;Flot urrem i en smuk [COLOR] farve til [DEVICE NAME]. Takket være den højkvalitets, robuste [MATERIAL], sidder denneurrem solidt på håndleddet, samtidig med at det også er behageligt mod huden. En fejlfri, behagelig pasform, der er nem at justere, vedhæfte og tage af igen. En stilfuld og holdbar udskiftning til dit gamle rem. Perfekt til alle arrangementer og lejligheder.;Klockarmband i [COLOR] [MATERIAL] till [DEVICE NAME]. Med fulländad passform sitter den bekvämt på din handled, och är enkel att justera, montera samt ta av. En stilren och slitstark ersättning till ditt gamla armband. Perfekt för alla tillfällen.;;;;Atemberaubendes Uhrenarmband in einem wunderschönen, einzigartigen Farbton von [COLOR] für [DEVICE NAME] Dank des hochwertigen, robusten [MATERIAL] sitzt dieses Uhrenarmband fest am Handgelenk und liegt gleichzeitig angenehm und geschmeidig auf der Haut. Eine makellose, bequeme Passform, die sich leicht einstellen, befestigen und abnehmen lässt. Ein stilvoller und langlebiger Ersatz für Ihr altes Armband. Perfekt für alle Veranstaltungen und Anlässe.;
[DEVICE NAME] watch strap in both stylish and reliable [COLOR_NEUTRUM] [MATERIAL] . With its unique design and high-quality material, this watch band is designed to be worn on any occasion - and to stand out while doing it. Keep your smartwatch securely and comfortably on your wrist while you go about your day. The perfect replacement for your old or broken watch strap.;[DEVICE NAME] urrem i stilfuldt [COLOR_NEUTRUM] [MATERIAL]. Med sit unikke design og højkvalitets materiale er dette urrem designet til at blive båret ved enhver lejlighed - og at skille sig ud, mens du gør det. Hold dit smartwatch sikkert og komfortabelt på dit håndled, igennem hele din dag. Det perfekte erstatningsrem til din gamle eller ødelagte [DEVICE NAME] rem.;[DEVICE NAME] klockarmband i både stilren och pålitlig [COLOR_NEUTRUM] [MATERIAL] . Håller din smartwatch bekvämt och tryggt på din handled medan du tar itu med vardagen. Den perfekta ersättningen för ditt gamla eller trasiga klockarmband!;;;;[DEVICE NAME] Uhrenarmband sowohl stilvoll als auch zuverlässig [COLOR] [MATERIAL] . Mit seinem einzigartigen Design und dem hochwertigen Material ist dieses Uhrenarmband so konzipiert, dass es zu jeder Gelegenheit getragen werden kann - und dabei auffällt. Bewahren Sie Ihre Smartwatch sicher und bequem am Handgelenk auf, während Sie Ihrem Tag nachgehen. Der perfekte Ersatz für Ihr altes oder kaputtes Uhrenarmband.;
A trendy [DEVICE NAME] watch strap in comfortable and durable [MATERIAL] . As secure and reliable as it is stylish. Designed to be easy to adjust and attach, as well as take off. A modern watch strap that does not sacrifice comfort for style, or vice versa. The replacement watch strap for your old or broken one that you have been looking for.;Et trendy [DEVICE NAME] urrem i komfortabelt og slidstærkt [MATERIAL]. Som er ligeså sikker og pålidelig som det er stilfuldt. Designet til at være nem at justere og at tage af og på. Et moderne rem, der ikke ofrer komfort for stil eller omvendt. Erstatningsremmen til din gamle eller ødelagte rem, som du har ledt så længe efter.;Ett trendigt [DEVICE NAME] klockarmband i bekvämt och slitstarkt [MATERIAL] . Lika säker och pålitlig som den är stilren. Designad för att vara enkelt att justera och montera, samt att ta av. Ett modern klockarmband som inte offrar bekvämlighet och stil, eller vice versa. Den perfekt ersättningen för ditt trasiga eller gamla klockarmband som du letat efter. ;;;;Ein trendiges [DEVICE NAME] Uhrenarmband aus komfortablem und strapazierfähigem [MATERIAL] . So sicher und zuverlässig wie stilvoll. Entwickelt, um einfach einzustellen und zu befestigen sowie abzunehmen. Ein modernes Uhrenarmband, das nicht auf Komfort für Stil verzichtet oder umgekehrt. Das Ersatz-Uhrenarmband für Ihr altes oder kaputtes Armband, nach dem Sie gesucht haben.;
